A,100.0,15.90
A,100.0,15.91
A,100.0,15.92
A,100.0,15.93
A,100.0,15.94
A,99.5,15.95
A,99.5,15.96
A,99.5,15.97
A,99.5,15.98
A,99.0,15.99
A,99.0,16.00
A,99.0,16.01
A,99.0,16.02
A,99.0,16.03
A,98.5,16.04
A,98.5,16.05
A,98.5,16.06
A,98.5,16.07
A,98.0,16.08
A,98.0,16.09
A,98.0,16.10
A,98.0,16.11
A,98.0,16.12
A,97.5,16.13
A,97.5,16.14
A,97.5,16.15
A,97.5,16.16
A,97.0,16.17
A,97.0,16.18
A,97.0,16.19
A,97.0,16.20
A,97.0,16.21
A,96.5,16.22
A,96.5,16.23
A,96.5,16.24
A,96.5,16.25
A,96.0,16.26
A,96.0,16.27
A,96.0,16.28
A,96.0,16.29
A,96.0,16.30
A,95.5,16.31
A,95.5,16.32
A,95.5,16.33
A,95.5,16.34
A,95.0,16.35
A,95.0,16.36
A,95.0,16.37
A,95.0,16.38
A,95.0,16.39
A,94.5,16.40
A,94.5,16.41
A,94.5,16.42
A,94.5,16.43
A,94.0,16.44
A,94.0,16.45
A,94.0,16.46
A,94.0,16.47
A,94.0,16.48
A,93.5,16.49
A,93.5,16.50
A,93.5,16.51
A,93.5,16.52
A,93.0,16.53
A,93.0,16.54
A,93.0,16.55
A,93.0,16.56
A,93.0,16.57
A,92.5,16.58
A,92.5,16.59
A,92.5,16.60
A,92.5,16.61
A,92.0,16.62
A,92.0,16.63
A,92.0,16.64
A,92.0,16.65
A,92.0,16.66
A,91.5,16.67
A,91.5,16.68
A,91.5,16.69
A,91.5,16.70
A,91.5,16.71
A,91.5,16.72
A,91.0,16.73
A,91.0,16.74
A,91.0,16.75
A,90.5,16.76
A,90.5,16.77
A,90.5,16.78
A,90.5,16.79
A,90.0,16.80
A,90.0,16.81
A,90.0,16.82
A,90.0,16.83
A,90.0,16.84
A,89.5,16.85
A,89.5,16.86
A,89.5,16.87
A,89.5,16.88
A,89.0,16.89
A,89.0,16.90
A,89.0,16.91
A,89.0,16.92
A,89.0,16.93
A,88.5,16.94
A,88.5,16.95
A,88.5,16.96
A,88.5,16.97
A,88.0,16.98
A,88.0,16.99
A,88.0,17.00
A,88.0,17.01
A,88.0,17.02
A,87.5,17.03
A,87.5,17.04
A,87.5,17.05
A,87.5,17.06
A,87.0,17.07
A,87.0,17.08
A,87.0,17.09
A,87.0,17.10
A,87.0,17.11
A,86.5,17.12
A,86.5,17.13
A,86.5,17.14
A,86.5,17.15
A,86.0,17.16
A,86.0,17.17
A,86.0,17.18
A,86.0,17.19
A,86.0,17.20
A,85.5,17.21
A,85.5,17.22
A,85.5,17.23
A,85.5,17.24
A,85.0,17.25
A,85.0,17.26
A,85.0,17.27
A,85.0,17.28
A,85.0,17.29
A,84.5,17.30
A,84.5,17.31
A,84.5,17.32
A,84.5,17.33
A,84.0,17.34
A,84.0,17.35
A,84.0,17.36
A,84.0,17.37
A,84.0,17.38
A,83.5,17.39
A,83.5,17.40
A,83.5,17.41
A,83.5,17.42
A,83.0,17.43
A,83.0,17.44
A,83.0,17.45
A,83.0,17.46
A,83.0,17.47
A,82.5,17.48
A,82.5,17.49
A,82.5,17.50
A,82.5,17.51
A,82.0,17.52
A,82.0,17.53
A,82.0,17.54
A,82.0,17.55
A,82.0,17.56
A,81.5,17.57
A,81.5,17.58
A,81.5,17.59
A,81.5,17.60
A,81.0,17.61
A,81.0,17.62
A,81.0,17.63
A,81.0,17.64
A,81.0,17.65
A,80.5,17.66
A,80.5,17.67
A,80.5,17.68
A,80.5,17.69
A,80.0,17.70
A,80.0,17.71
A,80.0,17.72
A,80.0,17.73
A,80.0,17.74
A,79.5,17.75
A,79.5,17.76
A,79.5,17.77
A,79.5,17.78
A,79.0,17.79
A,79.0,17.80
A,79.0,17.81
A,79.0,17.82
A,79.0,17.83
A,78.5,17.84
A,78.5,17.85
A,78.5,17.86
A,78.5,17.87
A,78.0,17.88
A,78.0,17.89
A,78.0,17.90
A,78.0,17.91
A,78.0,17.92
A,77.5,17.93
A,77.5,17.94
A,77.5,17.95
A,77.5,17.96
A,77.0,17.97
A,77.0,17.98
A,77.0,17.99
A,77.0,18.00
A,77.0,18.01
A,76.5,18.02
A,76.5,18.03
A,76.5,18.04
A,76.5,18.05
A,76.0,18.06
A,76.0,18.07
A,76.0,18.08
A,76.0,18.09
A,76.0,18.10
A,75.5,18.11
A,75.5,18.12
A,75.5,18.13
A,75.5,18.14
A,75.0,18.15
A,75.0,18.16
A,75.0,18.17
A,75.0,18.18
A,75.0,18.19
A,74.5,18.20
A,74.5,18.21
A,74.5,18.22
A,74.5,18.23
A,74.0,18.24
A,74.0,18.25
A,74.0,18.26
A,74.0,18.27
A,74.0,18.28
A,73.5,18.29
A,73.5,18.30
A,73.5,18.31
A,73.5,18.32
A,73.0,18.33
A,73.0,18.34
A,73.0,18.35
A,73.0,18.36
A,73.0,18.37
A,72.5,18.38
A,72.5,18.39
A,72.5,18.40
A,72.5,18.41
A,72.0,18.42
A,72.0,18.43
A,72.0,18.44
A,72.0,18.45
A,72.0,18.46
A,71.5,18.47
A,71.5,18.48
A,71.5,18.49
A,71.5,18.50
A,71.0,18.51
A,71.0,18.52
A,71.0,18.53
A,71.0,18.54
A,71.0,18.55
A,70.5,18.56
A,70.5,18.57
A,70.5,18.58
A,70.5,18.59
A,70.0,18.60
A,70.0,18.61
A,70.0,18.62
A,70.0,18.63
A,70.0,18.64
A,69.5,18.65
A,69.5,18.66
A,69.5,18.67
A,69.5,18.68
A,69.0,18.69
A,69.0,18.70
A,69.0,18.71
A,69.0,18.72
A,69.0,18.73
A,68.5,18.74
A,68.5,18.75
A,68.5,18.76
A,68.5,18.77
A,68.0,18.78
A,68.0,18.79
A,68.0,18.80
A,68.0,18.81
A,68.0,18.82
A,67.5,18.83
A,67.5,18.84
A,67.5,18.85
A,67.5,18.86
A,67.0,18.87
A,67.0,18.88
A,67.0,18.89
A,67.0,18.90
A,67.0,18.91
A,66.5,18.92
A,66.5,18.93
A,66.5,18.94
A,66.5,18.95
A,66.0,18.96
A,66.0,18.97
A,66.0,18.98
A,66.0,18.99
A,66.0,19.00
A,65.5,19.01
A,65.5,19.02
A,65.5,19.03
A,65.5,19.04
A,65.0,19.05
A,65.0,19.06
A,65.0,19.07
A,65.0,19.08
A,65.0,19.09
A,64.5,19.10
A,64.5,19.11
A,64.5,19.12
A,64.5,19.13
A,64.0,19.14
A,64.0,19.15
A,64.0,19.16
A,64.0,19.17
A,64.0,19.18
A,63.5,19.19
A,63.5,19.20
A,63.5,19.21
A,63.5,19.22
A,63.0,19.23
A,63.0,19.24
A,63.0,19.25
A,63.0,19.26
A,63.0,19.27
A,62.5,19.28
A,62.5,19.29
A,62.5,19.30
A,62.5,19.31
A,62.0,19.32
A,62.0,19.33
A,62.0,19.34
A,62.0,19.35
A,62.0,19.36
A,61.5,19.37
A,61.5,19.38
A,61.5,19.39
A,61.5,19.40
A,61.0,19.41
A,61.0,19.42
A,61.0,19.43
A,61.0,19.44
A,61.0,19.45
A,60.5,19.46
A,60.5,19.47
A,60.5,19.48
A,60.5,19.49
A,60.0,19.50
A,60.0,19.51
A,60.0,19.52
A,60.0,19.53
A,60.0,19.54
A,59.5,19.55
A,59.5,19.56
A,59.5,19.57
A,59.5,19.58
A,59.0,19.59
A,59.0,19.60
A,59.0,19.61
A,59.0,19.62
A,59.0,19.63
A,58.5,19.64
A,58.5,19.65
A,58.5,19.66
A,58.5,19.67
A,58.0,19.68
A,58.0,19.69
A,58.0,19.70
A,58.0,19.71
A,58.0,19.72
A,57.5,19.73
A,57.5,19.74
A,57.5,19.75
A,57.5,19.76
A,57.0,19.77
A,57.0,19.78
A,57.0,19.79
A,57.0,19.80
A,57.0,19.81
A,56.5,19.82
A,56.5,19.83
A,56.5,19.84
A,56.5,19.85
A,56.0,19.86
A,56.0,19.87
A,56.0,19.88
A,56.0,19.89
A,56.0,19.90
A,55.5,19.91
A,55.5,19.92
A,55.5,19.93
A,55.5,19.94
A,55.0,19.95
A,55.0,19.96
A,55.0,19.97
A,55.0,19.98
A,55.0,19.99
A,54.5,20.00
A,54.5,20.01
A,54.5,20.02
A,54.5,20.03
A,54.0,20.04
A,54.0,20.05
A,54.0,20.06
A,54.0,20.07
A,54.0,20.08
A,53.5,20.09
A,53.5,20.10
A,53.5,20.11
A,53.5,20.12
A,53.0,20.13
A,53.0,20.14
A,53.0,20.15
A,53.0,20.16
A,53.0,20.17
A,52.5,20.18
A,52.5,20.19
A,52.5,20.20
A,52.5,20.21
A,52.0,20.22
A,52.0,20.23
A,52.0,20.24
A,52.0,20.25
A,52.0,20.26
A,51.5,20.27
A,51.5,20.28
A,51.5,20.29
A,51.5,20.30
A,51.0,20.31
A,51.0,20.32
A,51.0,20.33
A,51.0,20.34
A,51.0,20.35
A,50.5,20.36
A,50.5,20.37
A,50.5,20.38
A,50.5,20.39
A,50.0,20.40
A,50.0,20.41
A,50.0,20.42
A,50.0,20.43
A,50.0,20.44
A,49.5,20.45
A,49.5,20.46
A,49.5,20.47
A,49.5,20.48
A,49.0,20.49
A,49.0,20.50
A,49.0,20.51
A,49.0,20.52
A,49.0,20.53
A,48.5,20.54
A,48.5,20.55
A,48.5,20.56
A,48.5,20.57
A,48.0,20.58
A,48.0,20.59
A,48.0,20.60
A,48.0,20.61
A,48.0,20.62
A,47.5,20.63
A,47.5,20.64
A,47.5,20.65
A,47.5,20.66
A,47.0,20.67
A,47.0,20.68
A,47.0,20.69
A,47.0,20.70
A,47.0,20.71
A,46.5,20.72
A,46.5,20.73
A,46.5,20.74
A,46.5,20.75
A,46.0,20.76
A,46.0,20.77
A,46.0,20.78
A,46.0,20.79
A,46.0,20.80
A,45.5,20.81
A,45.5,20.82
A,45.5,20.83
A,45.5,20.84
A,45.0,20.85
A,45.0,20.86
A,45.0,20.87
A,45.0,20.88
A,45.0,20.89
A,44.5,20.90
A,44.5,20.91
A,44.5,20.92
A,44.5,20.93
A,44.0,20.94
A,44.0,20.95
A,44.0,20.96
A,44.0,20.97
A,44.0,20.98
A,43.5,20.99
A,43.5,21.00
A,43.5,21.01
A,43.5,21.02
A,43.0,21.03
A,43.0,21.04
A,43.0,21.05
A,43.0,21.06
A,43.0,21.07
A,42.5,21.08
A,42.5,21.09
A,42.5,21.10
A,42.5,21.11
A,42.0,21.12
A,42.0,21.13
A,42.0,21.14
A,42.0,21.15
A,42.0,21.16
A,41.5,21.17
A,41.5,21.18
A,41.5,21.19
A,41.5,21.20
A,41.0,21.21
A,41.0,21.22
A,41.0,21.23
A,41.0,21.24
A,41.0,21.25
A,40.5,21.26
A,40.5,21.27
A,40.5,21.28
A,40.5,21.29
A,40.0,21.30
A,40.0,21.31
A,40.0,21.32
A,40.0,21.33
A,40.0,21.34
A,39.5,21.35
A,39.5,21.36
A,39.5,21.37
A,39.5,21.38
A,39.0,21.39
A,39.0,21.40
A,39.0,21.41
A,39.0,21.42
A,39.0,21.43
A,38.5,21.44
A,38.5,21.45
A,38.5,21.46
A,38.5,21.47
A,38.0,21.48
A,38.0,21.49
A,38.0,21.50
A,38.0,21.51
A,38.0,21.52
A,37.5,21.53
A,37.5,21.54
A,37.5,21.55
A,37.5,21.56
A,37.0,21.57
A,37.0,21.58
A,37.0,21.59
A,37.0,21.60
A,37.0,21.61
A,36.5,21.62
A,36.5,21.63
A,36.5,21.64
A,36.5,21.65
A,36.0,21.66
A,36.0,21.67
A,36.0,21.68
A,36.0,21.69
A,36.0,21.70
A,35.5,21.71
A,35.5,21.72
A,35.5,21.73
A,35.5,21.74
A,35.0,21.75
A,35.0,21.76
A,35.0,21.77
A,35.0,21.78
A,35.0,21.79
A,34.5,21.80
A,34.5,21.81
A,34.5,21.82
A,34.5,21.83
A,34.0,21.84
A,34.0,21.85
A,34.0,21.86
A,34.0,21.87
A,34.0,21.88
A,33.5,21.89
A,33.5,21.90
A,33.5,21.91
A,33.5,21.92
A,33.0,21.93
A,33.0,21.94
A,33.0,21.95
A,33.0,21.96
A,33.0,21.97
A,32.5,21.98
A,32.5,21.99
A,32.5,22.00
A,32.5,22.01
A,32.0,22.02
A,32.0,22.03
A,32.0,22.04
A,32.0,22.05
A,32.0,22.06
A,31.5,22.07
A,31.5,22.08
A,31.5,22.09
A,31.5,22.10
A,31.0,22.11
A,31.0,22.12
A,31.0,22.13
A,31.0,22.14
A,31.0,22.15
A,30.5,22.16
A,30.5,22.17
A,30.5,22.18
A,30.5,22.19
A,30.0,22.20
A,30.0,22.21
A,30.0,22.22
A,30.0,22.23
A,30.0,22.24
A,29.5,22.25
A,29.5,22.26
A,29.5,22.27
A,29.5,22.28
A,29.0,22.29
A,29.0,22.30
A,29.0,22.31
A,29.0,22.32
A,29.0,22.33
A,28.5,22.34
A,28.5,22.35
A,28.5,22.36
A,28.5,22.37
A,28.0,22.38
A,28.0,22.39
A,28.0,22.40
A,28.0,22.41
A,28.0,22.42
A,27.5,22.43
A,27.5,22.44
A,27.5,22.45
A,27.5,22.46
A,27.0,22.47
A,27.0,22.48
A,27.0,22.49
A,27.0,22.50
A,27.0,22.51
A,26.5,22.52
A,26.5,22.53
A,26.5,22.54
A,26.5,22.55
A,26.0,22.56
A,26.0,22.57
A,26.0,22.58
A,26.0,22.59
A,26.0,22.60
A,25.5,22.61
A,25.5,22.62
A,25.5,22.63
A,25.5,22.64
A,25.0,22.65
A,25.0,22.66
A,25.0,22.67
A,25.0,22.68
A,25.0,22.69
A,24.5,22.70
A,24.5,22.71
A,24.5,22.72
A,24.5,22.73
A,24.0,22.74
A,24.0,22.75
A,24.0,22.76
A,24.0,22.77
A,24.0,22.78
A,23.5,22.79
A,23.5,22.80
A,23.5,22.81
A,23.5,22.82
A,23.0,22.83
A,23.0,22.84
A,23.0,22.85
A,23.0,22.86
A,23.0,22.87
A,22.5,22.88
A,22.5,22.89
A,22.5,22.90
A,22.5,22.91
A,22.0,22.92
A,22.0,22.93
A,22.0,22.94
A,22.0,22.95
A,22.0,22.96
A,21.5,22.97
A,21.5,22.98
A,21.5,22.99
A,21.5,23.00
B+A715:A723,100.0,16.40
B,100.0,16.41
B,100.0,16.42
B,100.0,16.43
B,99.5,16.44
B,99.5,16.45
B,99.5,16.46
B,99.5,16.47
B,99.5,16.48
B,99.0,16.49
B,99.0,16.50
B,99.0,16.51
B,99.0,16.52
B,98.5,16.53
B,98.5,16.54
B,98.5,16.55
B,98.5,16.56
B,98.5,16.57
B,98.0,16.58
B,98.0,16.59
B,98.0,16.60
B,98.0,16.61
B,97.5,16.62
B,97.5,16.63
B,97.5,16.64
B,97.5,16.65
B,97.5,16.66
B,97.0,16.67
B,97.0,16.68
B,97.0,16.69
B,97.0,16.70
B,96.5,16.71
B,96.5,16.72
B,96.5,16.73
B,96.5,16.74
B,96.5,16.75
B,96.0,16.76
B,96.0,16.77
B,96.0,16.78
B,96.0,16.79
B,95.5,16.80
B,95.5,16.81
B,95.5,16.82
B,95.5,16.83
B,95.5,16.84
B,95.0,16.85
B,95.0,16.86
B,95.0,16.87
B,95.0,16.88
B,94.5,16.89
B,94.5,16.90
B,94.5,16.91
B,94.5,16.92
B,94.5,16.93
B,94.0,16.94
B,94.0,16.95
B,94.0,16.96
B,94.0,16.97
B,93.5,16.98
B,93.5,16.99
B,93.5,17.00
B,93.5,17.01
B,93.5,17.02
B,93.0,17.03
B,93.0,17.04
B,93.0,17.05
B,93.0,17.06
B,92.5,17.07
B,92.5,17.08
B,92.5,17.09
B,92.5,17.10
B,92.5,17.11
B,92.0,17.12
B,92.0,17.13
B,92.0,17.14
B,92.0,17.15
B,91.5,17.16
B,91.5,17.17
B,91.5,17.18
B,91.5,17.19
B,91.5,17.20
B,91.0,17.21
B,91.0,17.22
B,91.0,17.23
B,91.0,17.24
B,90.5,17.25
B,90.5,17.26
B,90.5,17.27
B,90.5,17.28
B,90.5,17.29
B,90.0,17.30
B,90.0,17.31
B,90.0,17.32
B,90.0,17.33
B,89.5,17.34
B,89.5,17.35
B,89.5,17.36
B,89.5,17.37
B,89.5,17.38
B,89.0,17.39
B,89.0,17.40
B,89.0,17.41
B,89.0,17.42
B,88.5,17.43
B,88.5,17.44
B,88.5,17.45
B,88.5,17.46
B,88.5,17.47
B,88.0,17.48
B,88.0,17.49
B,88.0,17.50
B,88.0,17.51
B,87.5,17.52
B,87.5,17.53
B,87.5,17.54
B,87.5,17.55
B,87.5,17.56
B,87.0,17.57
B,87.0,17.58
B,87.0,17.59
B,87.0,17.60
B,86.5,17.61
B,86.5,17.62
B,86.5,17.63
B,86.5,17.64
B,86.5,17.65
B,86.0,17.66
B,86.0,17.67
B,86.0,17.68
B,86.0,17.69
B,85.5,17.70
B,85.5,17.71
B,85.5,17.72
B,85.5,17.73
B,85.5,17.74
B,85.0,17.75
B,85.0,17.76
B,85.0,17.77
B,85.0,17.78
B,84.5,17.79
B,84.5,17.80
B,84.5,17.81
B,84.5,17.82
B,84.5,17.83
B,84.0,17.84
B,84.0,17.85
B,84.0,17.86
B,84.0,17.87
B,83.5,17.88
B,83.5,17.89
B,83.5,17.90
B,83.5,17.91
B,83.5,17.92
B,83.0,17.93
B,83.0,17.94
B,83.0,17.95
B,83.0,17.96
B,82.5,17.97
B,82.5,17.98
B,82.5,17.99
B,82.5,18.00
B,82.5,18.01
B,82.0,18.02
B,82.0,18.03
B,82.0,18.04
B,82.0,18.05
B,81.5,18.06
B,81.5,18.07
B,81.5,18.08
B,81.5,18.09
B,81.5,18.10
B,81.0,18.11
B,81.0,18.12
B,81.0,18.13
B,81.0,18.14
B,80.5,18.15
B,80.5,18.16
B,80.5,18.17
B,80.5,18.18
B,80.5,18.19
B,80.0,18.20
B,80.0,18.21
B,80.0,18.22
B,80.0,18.23
B,79.5,18.24
B,79.5,18.25
B,79.5,18.26
B,79.5,18.27
B,79.5,18.28
B,79.0,18.29
B,79.0,18.30
B,79.0,18.31
B,79.0,18.32
B,78.5,18.33
B,78.5,18.34
B,78.5,18.35
B,78.5,18.36
B,78.5,18.37
B,78.0,18.38
B,78.0,18.39
B,78.0,18.40
B,78.0,18.41
B,77.5,18.42
B,77.5,18.43
B,77.5,18.44
B,77.5,18.45
B,77.5,18.46
B,77.0,18.47
B,77.0,18.48
B,77.0,18.49
B,77.0,18.50
B,76.5,18.51
B,76.5,18.52
B,76.5,18.53
B,76.5,18.54
B,76.5,18.55
B,76.0,18.56
B,76.0,18.57
B,76.0,18.58
B,76.0,18.59
B,75.5,18.60
B,75.5,18.61
B,75.5,18.62
B,75.5,18.63
B,75.5,18.64
B,75.0,18.65
B,75.0,18.66
B,75.0,18.67
B,75.0,18.68
B,74.5,18.69
B,74.5,18.70
B,74.5,18.71
B,74.5,18.72
B,74.5,18.73
B,74.0,18.74
B,74.0,18.75
B,74.0,18.76
B,74.0,18.77
B,73.5,18.78
B,73.5,18.79
B,73.5,18.80
B,73.5,18.81
B,73.5,18.82
B,73.0,18.83
B,73.0,18.84
B,73.0,18.85
B,73.0,18.86
B,72.5,18.87
B,72.5,18.88
B,72.5,18.89
B,72.5,18.90
B,72.5,18.91
B,72.0,18.92
B,72.0,18.93
B,72.0,18.94
B,72.0,18.95
B,71.5,18.96
B,71.5,18.97
B,71.5,18.98
B,71.5,18.99
B,71.5,19.00
B,71.0,19.01
B,71.0,19.02
B,71.0,19.03
B,71.0,19.04
B,70.5,19.05
B,70.5,19.06
B,70.5,19.07
B,70.5,19.08
B,70.5,19.09
B,70.0,19.10
B,70.0,19.11
B,70.0,19.12
B,70.0,19.13
B,69.5,19.14
B,69.5,19.15
B,69.5,19.16
B,69.5,19.17
B,69.5,19.18
B,69.0,19.19
B,69.0,19.20
B,69.0,19.21
B,69.0,19.22
B,68.5,19.23
B,68.5,19.24
B,68.5,19.25
B,68.5,19.26
B,68.5,19.27
B,68.0,19.28
B,68.0,19.29
B,68.0,19.30
B,68.0,19.31
B,67.5,19.32
B,67.5,19.33
B,67.5,19.34
B,67.5,19.35
B,67.5,19.36
B,67.0,19.37
B,67.0,19.38
B,67.0,19.39
B,67.0,19.40
B,66.5,19.41
B,66.5,19.42
B,66.5,19.43
B,66.5,19.44
B,66.5,19.45
B,66.0,19.46
B,66.0,19.47
B,66.0,19.48
B,66.0,19.49
B,65.5,19.50
B,65.5,19.51
B,65.5,19.52
B,65.5,19.53
B,65.5,19.54
B,65.0,19.55
B,65.0,19.56
B,65.0,19.57
B,65.0,19.58
B,64.5,19.59
B,64.5,19.60
B,64.5,19.61
B,64.5,19.62
B,64.5,19.63
B,64.0,19.64
B,64.0,19.65
B,64.0,19.66
B,64.0,19.67
B,63.5,19.68
B,63.5,19.69
B,63.5,19.70
B,63.5,19.71
B,63.5,19.72
B,63.0,19.73
B,63.0,19.74
B,63.0,19.75
B,63.0,19.76
B,62.5,19.77
B,62.5,19.78
B,62.5,19.79
B,62.5,19.80
B,62.5,19.81
B,62.0,19.82
B,62.0,19.83
B,62.0,19.84
B,62.0,19.85
B,61.5,19.86
B,61.5,19.87
B,61.5,19.88
B,61.5,19.89
B,61.5,19.90
B,61.0,19.91
B,61.0,19.92
B,61.0,19.93
B,61.0,19.94
B,61.0,19.95
B,60.5,19.96
B,60.5,19.97
B,60.5,19.98
B,60.5,19.99
B,60.0,20.00
B,60.0,20.01
B,60.0,20.02
B,60.0,20.03
B,60.0,20.04
B,59.5,20.05
B,59.5,20.06
B,59.5,20.07
B,59.5,20.08
B,59.5,20.09
B,59.0,20.10
B,59.0,20.11
B,59.0,20.12
B,59.0,20.13
B,58.5,20.14
B,58.5,20.15
B,58.5,20.16
B,58.5,20.17
B,58.5,20.18
B,58.0,20.19
B,58.0,20.20
B,58.0,20.21
B,58.0,20.22
B,57.5,20.23
B,57.5,20.24
B,57.5,20.25
B,57.5,20.26
B,57.5,20.27
B,57.0,20.28
B,57.0,20.29
B,57.0,20.30
B,57.0,20.31
B,56.5,20.32
B,56.5,20.33
B,56.5,20.34
B,56.5,20.35
B,56.5,20.36
B,56.0,20.37
B,56.0,20.38
B,56.0,20.39
B,56.0,20.40
B,55.5,20.41
B,55.5,20.42
B,55.5,20.43
B,55.5,20.44
B,55.5,20.45
B,55.0,20.46
B,55.0,20.47
B,55.0,20.48
B,55.0,20.49
B,54.5,20.50
B,54.5,20.51
B,54.5,20.52
B,54.5,20.53
B,54.5,20.54
B,54.0,20.55
B,54.0,20.56
B,54.0,20.57
B,54.0,20.58
B,53.5,20.59
B,53.5,20.60
B,53.5,20.61
B,53.5,20.62
B,53.5,20.63
B,53.0,20.64
B,53.0,20.65
B,53.0,20.66
B,53.0,20.67
B,52.5,20.68
B,52.5,20.69
B,52.5,20.70
B,52.5,20.71
B,52.5,20.72
B,52.0,20.73
B,52.0,20.74
B,52.0,20.75
B,52.0,20.76
B,51.5,20.77
B,51.5,20.78
B,51.5,20.79
B,51.5,20.80
B,51.5,20.81
B,51.0,20.82
B,51.0,20.83
B,51.0,20.84
B,51.0,20.85
B,50.5,20.86
B,50.5,20.87
B,50.5,20.88
B,50.5,20.89
B,50.5,20.90
B,50.0,20.91
B,50.0,20.92
B,50.0,20.93
B,50.0,20.94
B,49.5,20.95
B,49.5,20.96
B,49.5,20.97
B,49.5,20.98
B,49.5,20.99
B,49.0,21.00
B,49.0,21.01
B,49.0,21.02
B,49.0,21.03
B,48.5,21.04
B,48.5,21.05
B,48.5,21.06
B,48.5,21.07
B,48.5,21.08
B,48.0,21.09
B,48.0,21.10
B,48.0,21.11
B,48.0,21.12
B,47.5,21.13
B,47.5,21.14
B,47.5,21.15
B,47.5,21.16
B,47.5,21.17
B,47.0,21.18
B,47.0,21.19
B,47.0,21.20
B,47.0,21.21
B,46.5,21.22
B,46.5,21.23
B,46.5,21.24
B,46.5,21.25
B,46.5,21.26
B,46.0,21.27
B,46.0,21.28
B,46.0,21.29
B,46.0,21.30
B,45.5,21.31
B,45.5,21.32
B,45.5,21.33
B,45.5,21.34
B,45.5,21.35
B,45.0,21.36
B,45.0,21.37
B,45.0,21.38
B,45.0,21.39
B,44.5,21.40
B,44.5,21.41
B,44.5,21.42
B,44.5,21.43
B,44.5,21.44
B,44.0,21.45
B,44.0,21.46
B,44.0,21.47
B,44.0,21.48
B,43.5,21.49
B,43.5,21.50
B,43.5,21.51
B,43.5,21.52
B,43.5,21.53
B,43.0,21.54
B,43.0,21.55
B,43.0,21.56
B,43.0,21.57
B,42.5,21.58
B,42.5,21.59
B,42.5,21.60
B,42.5,21.61
B,42.5,21.62
B,42.0,21.63
B,42.0,21.64
B,42.0,21.65
B,42.0,21.66
B,41.5,21.67
B,41.5,21.68
B,41.5,21.69
B,41.5,21.70
B,41.5,21.71
B,41.0,21.72
B,41.0,21.73
B,41.0,21.74
B,41.0,21.75
B,40.5,21.76
B,40.5,21.77
B,40.5,21.78
B,40.5,21.79
B,40.5,21.80
B,40.0,21.81
B,40.0,21.82
B,40.0,21.83
B,40.0,21.84
B,39.5,21.85
B,39.5,21.86
B,39.5,21.87
B,39.5,21.88
B,39.5,21.89
B,39.0,21.90
B,39.0,21.91
B,39.0,21.92
B,39.0,21.93
B,38.5,21.94
B,38.5,21.95
B,38.5,21.96
B,38.5,21.97
B,38.5,21.98
B,38.0,21.99
B,38.0,22.00
B,38.0,22.01
B,38.0,22.02
B,37.5,22.03
B,37.5,22.04
B,37.5,22.05
B,37.5,22.06
B,37.5,22.07
B,37.0,22.08
B,37.0,22.09
B,37.0,22.10
B,37.0,22.11
B,36.5,22.12
B,36.5,22.13
B,36.5,22.14
B,36.5,22.15
B,36.5,22.16
B,36.0,22.17
B,36.0,22.18
B,36.0,22.19
B,36.0,22.20
B,35.5,22.21
B,35.5,22.22
B,35.5,22.23
B,35.5,22.24
B,35.5,22.25
B,35.0,22.26
B,35.0,22.27
B,35.0,22.28
B,35.0,22.29
B,34.5,22.30
B,34.5,22.31
B,34.5,22.32
B,34.5,22.33
B,34.5,22.34
B,34.0,22.35
B,34.0,22.36
B,34.0,22.37
B,34.0,22.38
B,33.5,22.39
B,33.5,22.40
B,33.5,22.41
B,33.5,22.42
B,33.5,22.43
B,33.0,22.44
B,33.0,22.45
B,33.0,22.46
B,33.0,22.47
B,32.5,22.48
B,32.5,22.49
B,32.5,22.50
B,32.5,22.51
B,32.5,22.52
B,32.0,22.53
B,32.0,22.54
B,32.0,22.55
B,32.0,22.56
B,31.5,22.57
B,31.5,22.58
B,31.5,22.59
B,31.5,22.60
B,31.5,22.61
B,31.0,22.62
B,31.0,22.63
B,31.0,22.64
B,31.0,22.65
B,30.5,22.66
B,30.5,22.67
B,30.5,22.68
B,30.5,22.69
B,30.5,22.70
B,30.0,22.71
B,30.0,22.72
B,30.0,22.73
B,30.0,22.74
B,29.5,22.75
B,29.5,22.76
B,29.5,22.77
B,29.5,22.78
B,29.5,22.79
B,29.0,22.80
B,29.0,22.81
B,29.0,22.82
B,29.0,22.83
B,28.5,22.84
B,28.5,22.85
B,28.5,22.86
B,28.5,22.87
B,28.5,22.88
B,28.0,22.89
B,28.0,22.90
B,28.0,22.91
B,28.0,22.92
B,27.5,22.93
B,27.5,22.94
B,27.5,22.95
B,27.5,22.96
B,27.5,22.97
B,27.0,22.98
B,27.0,22.99
B,27.0,23.00
B,27.0,23.01
B,26.5,23.02
B,26.5,23.03
B,26.5,23.04
B,26.5,23.05
B,26.5,23.06
B,26.0,23.07
B,26.0,23.08
B,26.0,23.09
B,26.0,23.10
B,25.5,23.11
B,25.5,23.12
B,25.5,23.13
B,25.5,23.14
B,25.5,23.15
B,25.0,23.16
B,25.0,23.17
B,25.0,23.18
B,25.0,23.19
B,24.5,23.20
B,24.5,23.21
B,24.5,23.22
B,24.5,23.23
B,24.5,23.24
B,24.0,23.25
B,24.0,23.26
B,24.0,23.27
B,24.0,23.28
B,23.5,23.29
B,23.5,23.30
B,23.5,23.31
B,23.5,23.32
B,23.5,23.33
B,23.0,23.34
B,23.0,23.35
B,23.0,23.36
B,23.0,23.37
B,22.5,23.38
B,22.5,23.39
B,22.5,23.40
B,22.5,23.41
B,22.5,23.42
B,22.0,23.43
B,22.0,23.44
B,22.0,23.45
B,22.0,23.46
B,21.5,23.47
B,21.5,23.48
B,21.5,23.49
B,21.5,23.50
C,100.0,17.35
C,100.0,17.36
C,100.0,17.37
C,100.0,17.38
C,100.0,17.39
C,99.5,17.40
C,99.5,17.41
C,99.5,17.42
C,99.5,17.43
C,99.0,17.44
C,99.0,17.45
C,99.0,17.46
C,99.0,17.47
C,99.0,17.48
C,98.5,17.49
C,98.5,17.50
C,98.5,17.51
C,98.5,17.52
C,98.0,17.53
C,98.0,17.54
C,98.0,17.55
C,98.0,17.56
C,98.0,17.57
C,97.5,17.58
C,97.5,17.59
C,97.5,17.60
C,97.5,17.61
C,97.0,17.62
C,97.0,17.63
C,97.0,17.64
C,97.0,17.65
C,97.0,17.66
C,96.5,17.67
C,96.5,17.68
C,96.5,17.69
C,96.5,17.70
C,96.0,17.71
C,96.0,17.72
C,96.0,17.73
C,96.0,17.74
C,96.0,17.75
C,95.5,17.76
C,95.5,17.77
C,95.5,17.78
C,95.5,17.79
C,95.0,17.80
C,95.0,17.81
C,95.0,17.82
C,95.0,17.83
C,95.0,17.84
C,94.5,17.85
C,94.5,17.86
C,94.5,17.87
C,94.5,17.88
C,94.0,17.89
C,94.0,17.90
C,94.0,17.91
C,94.0,17.92
C,94.0,17.93
C,93.5,17.94
C,93.5,17.95
C,93.5,17.96
C,93.5,17.97
C,93.0,17.98
C,93.0,17.99
C,93.0,18.00
C,93.0,18.01
C,93.0,18.02
C,92.5,18.03
C,92.5,18.04
C,92.5,18.05
C,92.5,18.06
C,92.0,18.07
C,92.0,18.08
C,92.0,18.09
C,92.0,18.10
C,92.0,18.11
C,91.5,18.12
C,91.5,18.13
C,91.5,18.14
C,91.5,18.15
C,91.0,18.16
C,91.0,18.17
C,91.0,18.18
C,91.0,18.19
C,91.0,18.20
C,90.5,18.21
C,90.5,18.22
C,90.5,18.23
C,90.5,18.24
C,90.0,18.25
C,90.0,18.26
C,90.0,18.27
C,90.0,18.28
C,90.0,18.29
C,89.5,18.30
C,89.5,18.31
C,89.5,18.32
C,89.5,18.33
C,89.0,18.34
C,89.0,18.35
C,89.0,18.36
C,89.0,18.37
C,89.0,18.38
C,88.5,18.39
C,88.5,18.40
C,88.5,18.41
C,88.5,18.42
C,88.0,18.43
C,88.0,18.44
C,88.0,18.45
C,88.0,18.46
C,88.0,18.47
C,87.5,18.48
C,87.5,18.49
C,87.5,18.50
C,87.5,18.51
C,87.0,18.52
C,87.0,18.53
C,87.0,18.54
C,87.0,18.55
C,87.0,18.56
C,86.5,18.57
C,86.5,18.58
C,86.5,18.59
C,86.5,18.60
C,86.0,18.61
C,86.0,18.62
C,86.0,18.63
C,86.0,18.64
C,86.0,18.65
C,85.5,18.66
C,85.5,18.67
C,85.5,18.68
C,85.5,18.69
C,85.0,18.70
C,85.0,18.71
C,85.0,18.72
C,85.0,18.73
C,85.0,18.74
C,84.5,18.75
C,84.5,18.76
C,84.5,18.77
C,84.5,18.78
C,84.0,18.79
C,84.0,18.80
C,84.0,18.81
C,84.0,18.82
C,84.0,18.83
C,83.5,18.84
C,83.5,18.85
C,83.5,18.86
C,83.5,18.87
C,83.0,18.88
C,83.0,18.89
C,83.0,18.90
C,83.0,18.91
C,83.0,18.92
C,82.5,18.93
C,82.5,18.94
C,82.5,18.95
C,82.5,18.96
C,82.0,18.97
C,82.0,18.98
C,82.0,18.99
C,82.0,19.00
C,82.0,19.01
C,81.5,19.02
C,81.5,19.03
C,81.5,19.04
C,81.5,19.05
C,81.0,19.06
C,81.0,19.07
C,81.0,19.08
C,81.0,19.09
C,81.0,19.10
C,80.5,19.11
C,80.5,19.12
C,80.5,19.13
C,80.5,19.14
C,80.0,19.15
C,80.0,19.16
C,80.0,19.17
C,80.0,19.18
C,80.0,19.19
C,79.5,19.20
C,79.5,19.21
C,79.5,19.22
C,79.5,19.23
C,79.0,19.24
C,79.0,19.25
C,79.0,19.26
C,79.0,19.27
C,79.0,19.28
C,78.5,19.29
C,78.5,19.30
C,78.5,19.31
C,78.5,19.32
C,78.0,19.33
C,78.0,19.34
C,78.0,19.35
C,78.0,19.36
C,78.0,19.37
C,77.5,19.38
C,77.5,19.39
C,77.5,19.40
C,77.5,19.41
C,77.0,19.42
C,77.0,19.43
C,77.0,19.44
C,77.0,19.45
C,77.0,19.46
C,76.5,19.47
C,76.5,19.48
C,76.5,19.49
C,76.5,19.50
C,76.0,19.51
C,76.0,19.52
C,76.0,19.53
C,76.0,19.54
C,76.0,19.55
C,75.5,19.56
C,75.5,19.57
C,75.5,19.58
C,75.5,19.59
C,75.0,19.60
C,75.0,19.61
C,75.0,19.62
C,75.0,19.63
C,75.0,19.64
C,74.5,19.65
C,74.5,19.66
C,74.5,19.67
C,74.5,19.68
C,74.0,19.69
C,74.0,19.70
C,74.0,19.71
C,74.0,19.72
C,74.0,19.73
C,73.5,19.74
C,73.5,19.75
C,73.5,19.76
C,73.5,19.77
C,73.0,19.78
C,73.0,19.79
C,73.0,19.80
C,73.0,19.81
C,73.0,19.82
C,72.5,19.83
C,72.5,19.84
C,72.5,19.85
C,72.5,19.86
C,72.0,19.87
C,72.0,19.88
C,72.0,19.89
C,72.0,19.90
C,72.0,19.91
C,71.5,19.92
C,71.5,19.93
C,71.5,19.94
C,71.5,19.95
C,71.0,19.96
C,71.0,19.97
C,71.0,19.98
C,71.0,19.99
C,71.0,20.00
C,70.5,20.01
C,70.5,20.02
C,70.5,20.03
C,70.5,20.04
C,70.0,20.05
C,70.0,20.06
C,70.0,20.07
C,70.0,20.08
C,70.0,20.09
C,69.5,20.10
C,69.5,20.11
C,69.5,20.12
C,69.5,20.13
C,69.0,20.14
C,69.0,20.15
C,69.0,20.16
C,69.0,20.17
C,69.0,20.18
C,68.5,20.19
C,68.5,20.20
C,68.5,20.21
C,68.5,20.22
C,68.0,20.23
C,68.0,20.24
C,68.0,20.25
C,68.0,20.26
C,68.0,20.27
C,67.5,20.28
C,67.5,20.29
C,67.5,20.30
C,67.5,20.31
C,67.0,20.32
C,67.0,20.33
C,67.0,20.34
C,67.0,20.35
C,67.0,20.36
C,66.5,20.37
C,66.5,20.38
C,66.5,20.39
C,66.5,20.40
C,66.0,20.41
C,66.0,20.42
C,66.0,20.43
C,66.0,20.44
C,66.0,20.45
C,65.5,20.46
C,65.5,20.47
C,65.5,20.48
C,65.5,20.49
C,65.0,20.50
C,65.0,20.51
C,65.0,20.52
C,65.0,20.53
C,65.0,20.54
C,64.5,20.55
C,64.5,20.56
C,64.5,20.57
C,64.5,20.58
C,64.0,20.59
C,64.0,20.60
C,64.0,20.61
C,64.0,20.62
C,64.0,20.63
C,63.5,20.64
C,63.5,20.65
C,63.5,20.66
C,63.5,20.67
C,63.0,20.68
C,63.0,20.69
C,63.0,20.70
C,63.0,20.71
C,63.0,20.72
C,62.5,20.73
C,62.5,20.74
C,62.5,20.75
C,62.5,20.76
C,62.0,20.77
C,62.0,20.78
C,62.0,20.79
C,62.0,20.80
C,62.0,20.81
C,61.5,20.82
C,61.5,20.83
C,61.5,20.84
C,61.5,20.85
C,61.0,20.86
C,61.0,20.87
C,61.0,20.88
C,61.0,20.89
C,61.0,20.90
C,60.5,20.91
C,60.5,20.92
C,60.5,20.93
C,60.5,20.94
C,60.0,20.95
C,60.0,20.96
C,60.0,20.97
C,60.0,20.98
C,60.0,20.99
C,59.5,21.00
C,59.5,21.01
C,59.5,21.02
C,59.5,21.03
C,59.0,21.04
C,59.0,21.05
C,59.0,21.06
C,59.0,21.07
C,59.0,21.08
C,58.5,21.09
C,58.5,21.10
C,58.5,21.11
C,58.5,21.12
C,58.0,21.13
C,58.0,21.14
C,58.0,21.15
C,58.0,21.16
C,58.0,21.17
C,57.5,21.18
C,57.5,21.19
C,57.5,21.20
C,57.5,21.21
C,57.0,21.22
C,57.0,21.23
C,57.0,21.24
C,57.0,21.25
C,57.0,21.26
C,56.5,21.27
C,56.5,21.28
C,56.5,21.29
C,56.5,21.30
C,56.0,21.31
C,56.0,21.32
C,56.0,21.33
C,56.0,21.34
C,56.0,21.35
C,55.5,21.36
C,55.5,21.37
C,55.5,21.38
C,55.5,21.39
C,55.0,21.40
C,55.0,21.41
C,55.0,21.42
C,55.0,21.43
C,55.0,21.44
C,54.5,21.45
C,54.5,21.46
C,54.5,21.47
C,54.5,21.48
C,54.0,21.49
C,54.0,21.50
C,54.0,21.51
C,54.0,21.52
C,54.0,21.53
C,53.5,21.54
C,53.5,21.55
C,53.5,21.56
C,53.5,21.57
C,53.0,21.58
C,53.0,21.59
C,53.0,21.60
C,53.0,21.61
C,53.0,21.62
C,52.5,21.63
C,52.5,21.64
C,52.5,21.65
C,52.5,21.66
C,52.0,21.67
C,52.0,21.68
C,52.0,21.69
C,52.0,21.70
C,52.0,21.71
C,51.5,21.72
C,51.5,21.73
C,51.5,21.74
C,51.5,21.75
C,51.0,21.76
C,51.0,21.77
C,51.0,21.78
C,51.0,21.79
C,51.0,21.80
C,50.5,21.81
C,50.5,21.82
C,50.5,21.83
C,50.5,21.84
C,50.0,21.85
C,50.0,21.86
C,50.0,21.87
C,50.0,21.88
C,50.0,21.89
C,49.5,21.90
C,49.5,21.91
C,49.5,21.92
C,49.5,21.93
C,49.0,21.94
C,49.0,21.95
C,49.0,21.96
C,49.0,21.97
C,49.0,21.98
C,48.5,21.99
C,48.5,22.00
C,48.5,22.01
C,48.5,22.02
C,48.0,22.03
C,48.0,22.04
C,48.0,22.05
C,48.0,22.06
C,48.0,22.07
C,47.5,22.08
C,47.5,22.09
C,47.5,22.10
C,47.5,22.11
C,47.0,22.12
C,47.0,22.13
C,47.0,22.14
C,47.0,22.15
C,47.0,22.16
C,46.5,22.17
C,46.5,22.18
C,46.5,22.19
C,46.5,22.20
C,46.0,22.21
C,46.0,22.22
C,46.0,22.23
C,46.0,22.24
C,46.0,22.25
C,45.5,22.26
C,45.5,22.27
C,45.5,22.28
C,45.5,22.29
C,45.0,22.30
C,45.0,22.31
C,45.0,22.32
C,45.0,22.33
C,45.0,22.34
C,44.5,22.35
C,44.5,22.36
C,44.5,22.37
C,44.5,22.38
C,44.0,22.39
C,44.0,22.40
C,44.0,22.41
C,44.0,22.42
C,44.0,22.43
C,43.5,22.44
C,43.5,22.45
C,43.5,22.46
C,43.5,22.47
C,43.0,22.48
C,43.0,22.49
C,43.0,22.50
C,43.0,22.51
C,43.0,22.52
C,42.5,22.53
C,42.5,22.54
C,42.5,22.55
C,42.5,22.56
C,42.0,22.57
C,42.0,22.58
C,42.0,22.59
C,42.0,22.60
C,42.0,22.61
C,41.5,22.62
C,41.5,22.63
C,41.5,22.64
C,41.5,22.65
C,41.0,22.66
C,41.0,22.67
C,41.0,22.68
C,41.0,22.69
C,41.0,22.70
C,40.5,22.71
C,40.5,22.72
C,40.5,22.73
C,40.5,22.74
C,40.0,22.75
C,40.0,22.76
C,40.0,22.77
C,40.0,22.78
C,40.0,22.79
C,39.5,22.80
C,39.5,22.81
C,39.5,22.82
C,39.5,22.83
C,39.0,22.84
C,39.0,22.85
C,39.0,22.86
C,39.0,22.87
C,39.0,22.88
C,38.5,22.89
C,38.5,22.90
C,38.5,22.91
C,38.5,22.92
C,38.0,22.93
C,38.0,22.94
C,38.0,22.95
C,38.0,22.96
C,38.0,22.97
C,37.5,22.98
C,37.5,22.99
C,37.5,23.00
C,37.5,23.01
C,37.0,23.02
C,37.0,23.03
C,37.0,23.04
C,37.0,23.05
C,37.0,23.06
C,36.5,23.07
C,36.5,23.08
C,36.5,23.09
C,36.5,23.10
C,36.0,23.11
C,36.0,23.12
C,36.0,23.13
C,36.0,23.14
C,36.0,23.15
C,35.5,23.16
C,35.5,23.17
C,35.5,23.18
C,35.5,23.19
C,35.0,23.20
C,35.0,23.21
C,35.0,23.22
C,35.0,23.23
C,35.0,23.24
C,34.5,23.25
C,34.5,23.26
C,34.5,23.27
C,34.5,23.28
C,34.0,23.29
C,34.0,23.30
C,34.0,23.31
C,34.0,23.32
C,34.0,23.33
C,33.5,23.34
C,33.5,23.35
C,33.5,23.36
C,33.5,23.37
C,33.0,23.38
C,33.0,23.39
C,33.0,23.40
C,33.0,23.41
C,33.0,23.42
C,32.5,23.43
C,32.5,23.44
C,32.5,23.45
C,32.5,23.46
C,32.5,23.47
C,32.0,23.48
C,32.0,23.49
C,32.0,23.50
C,32.0,23.51
C,31.5,23.52
C,31.5,23.53
C,31.5,23.54
C,31.5,23.55
C,31.5,23.56
C,31.0,23.57
C,31.0,23.58
C,31.0,23.59
C,31.0,23.60
C,30.5,23.61
C,30.5,23.62
C,30.5,23.63
C,30.5,23.64
C,30.5,23.65
C,30.0,23.66
C,30.0,23.67
C,30.0,23.68
C,30.0,23.69
C,29.5,23.70
C,29.5,23.71
C,29.5,23.72
C,29.5,23.73
C,29.5,23.74
C,29.0,23.75
C,29.0,23.76
C,29.0,23.77
C,29.0,23.78
C,28.5,23.79
C,28.5,23.80
C,28.5,23.81
C,28.5,23.82
C,28.5,23.83
C,28.0,23.84
C,28.0,23.85
C,28.0,23.86
C,28.0,23.87
C,27.5,23.88
C,27.5,23.89
C,27.5,23.90
C,27.5,23.91
C,27.5,23.92
C,27.0,23.93
C,27.0,23.94
C,27.0,23.95
C,27.0,23.96
C,26.5,23.97
C,26.5,23.98
C,26.5,23.99
C,26.5,24.00
C,26.5,24.01
C,26.0,24.02
C,26.0,24.03
C,26.0,24.04
C,26.0,24.05
C,25.5,24.06
C,25.5,24.07
C,25.5,24.08
C,25.5,24.09
C,25.5,24.10
C,25.0,24.11
C,25.0,24.12
C,25.0,24.13
C,25.0,24.14
C,24.5,24.15
C,24.5,24.16
C,24.5,24.17
C,24.5,24.18
C,24.5,24.19
C,24.0,24.20
C,24.0,24.21
C,24.0,24.22
C,24.0,24.23
C,23.5,24.24
C,23.5,24.25
C,23.5,24.26
C,23.5,24.27
C,23.5,24.28
C,23.0,24.29
C,23.0,24.30
C,23.0,24.31
C,23.0,24.32
C,22.5,24.33
C,22.5,24.34
C,22.5,24.35
C,22.5,24.36
C,22.5,24.37
C,22.0,24.38
C,22.0,24.39
C,22.0,24.40
C,22.0,24.41
C,21.5,24.42
C,21.5,24.43
C,21.5,24.44
C,21.5,24.45
D,100.0,17.80
D,100.0,17.81
D,100.0,17.82
D,100.0,17.83
D,100.0,17.84
D,99.5,17.85
D,99.5,17.86
D,99.5,17.87
D,99.5,17.88
D,99.5,17.89
D,99.5,17.90
D,99.0,17.91
D,99.0,17.92
D,99.0,17.93
D,99.0,17.94
D,99.0,17.95
D,98.5,17.96
D,98.5,17.97
D,98.5,17.98
D,98.5,17.99
D,98.5,18.00
D,98.5,18.01
D,98.0,18.02
D,98.0,18.03
D,98.0,18.04
D,98.0,18.05
D,98.0,18.06
D,97.5,18.07
D,97.5,18.08
D,97.5,18.09
D,97.5,18.10
D,97.5,18.11
D,97.5,18.12
D,97.0,18.13
D,97.0,18.14
D,97.0,18.15
D,97.0,18.16
D,97.0,18.17
D,96.5,18.18
D,96.5,18.19
D,96.5,18.20
D,96.5,18.21
D,96.5,18.22
D,96.5,18.23
D,96.0,18.24
D,96.0,18.25
D,96.0,18.26
D,96.0,18.27
D,96.0,18.28
D,95.5,18.29
D,95.5,18.30
D,95.5,18.31
D,95.5,18.32
D,95.5,18.33
D,95.5,18.34
D,95.0,18.35
D,95.0,18.36
D,95.0,18.37
D,95.0,18.38
D,95.0,18.39
D,94.5,18.40
D,94.5,18.41
D,94.5,18.42
D,94.5,18.43
D,94.5,18.44
D,94.5,18.45
D,94.0,18.46
D,94.0,18.47
D,94.0,18.48
D,94.0,18.49
D,94.0,18.50
D,93.5,18.51
D,93.5,18.52
D,93.5,18.53
D,93.5,18.54
D,93.5,18.55
D,93.5,18.56
D,93.0,18.57
D,93.0,18.58
D,93.0,18.59
D,93.0,18.60
D,93.0,18.61
D,92.5,18.62
D,92.5,18.63
D,92.5,18.64
D,92.5,18.65
D,92.5,18.66
D,92.5,18.67
D,92.0,18.68
D,92.0,18.69
D,92.0,18.70
D,92.0,18.71
D,92.0,18.72
D,91.5,18.73
D,91.5,18.74
D,91.5,18.75
D,91.5,18.76
D,91.5,18.77
D,91.5,18.78
D,91.0,18.79
D,91.0,18.80
D,91.0,18.81
D,91.0,18.82
D,91.0,18.83
D,90.5,18.84
D,90.5,18.85
D,90.5,18.86
D,90.5,18.87
D,90.5,18.88
D,90.5,18.89
D,90.0,18.90
D,90.0,18.91
D,90.0,18.92
D,90.0,18.93
D,90.0,18.94
D,89.5,18.95
D,89.5,18.96
D,89.5,18.97
D,89.5,18.98
D,89.5,18.99
D,89.5,19.00
D,89.0,19.01
D,89.0,19.02
D,89.0,19.03
D,89.0,19.04
D,89.0,19.05
D,88.5,19.06
D,88.5,19.07
D,88.5,19.08
D,88.5,19.09
D,88.5,19.10
D,88.5,19.11
D,88.0,19.12
D,88.0,19.13
D,88.0,19.14
D,88.0,19.15
D,88.0,19.16
D,87.5,19.17
D,87.5,19.18
D,87.5,19.19
D,87.5,19.20
D,87.5,19.21
D,87.5,19.22
D,87.0,19.23
D,87.0,19.24
D,87.0,19.25
D,87.0,19.26
D,87.0,19.27
D,86.5,19.28
D,86.5,19.29
D,86.5,19.30
D,86.5,19.31
D,86.5,19.32
D,86.5,19.33
D,86.0,19.34
D,86.0,19.35
D,86.0,19.36
D,86.0,19.37
D,86.0,19.38
D,85.5,19.39
D,85.5,19.40
D,85.5,19.41
D,85.5,19.42
D,85.5,19.43
D,85.5,19.44
D,85.0,19.45
D,85.0,19.46
D,85.0,19.47
D,85.0,19.48
D,85.0,19.49
D,85.0,19.50
D,84.5,19.51
D,84.5,19.52
D,84.5,19.53
D,84.5,19.54
D,84.5,19.55
D,84.0,19.56
D,84.0,19.57
D,84.0,19.58
D,84.0,19.59
D,84.0,19.60
D,84.0,19.61
D,83.5,19.62
D,83.5,19.63
D,83.5,19.64
D,83.5,19.65
D,83.5,19.66
D,83.0,19.67
D,83.0,19.68
D,83.0,19.69
D,83.0,19.70
D,83.0,19.71
D,83.0,19.72
D,82.5,19.73
D,82.5,19.74
D,82.5,19.75
D,82.5,19.76
D,82.5,19.77
D,82.0,19.78
D,82.0,19.79
D,82.0,19.80
D,82.0,19.81
D,82.0,19.82
D,82.0,19.83
D,81.5,19.84
D,81.5,19.85
D,81.5,19.86
D,81.5,19.87
D,81.5,19.88
D,81.0,19.89
D,81.0,19.90
D,81.0,19.91
D,81.0,19.92
D,81.0,19.93
D,81.0,19.94
D,80.5,19.95
D,80.5,19.96
D,80.5,19.97
D,80.5,19.98
D,80.5,19.99
D,80.0,20.00
D,80.0,20.01
D,80.0,20.02
D,80.0,20.03
D,80.0,20.04
D,80.0,20.05
D,79.5,20.06
D,79.5,20.07
D,79.5,20.08
D,79.5,20.09
D,79.5,20.10
D,79.0,20.11
D,79.0,20.12
D,79.0,20.13
D,79.0,20.14
D,79.0,20.15
D,79.0,20.16
D,78.5,20.17
D,78.5,20.18
D,78.5,20.19
D,78.5,20.20
D,78.5,20.21
D,78.0,20.22
D,78.0,20.23
D,78.0,20.24
D,78.0,20.25
D,78.0,20.26
D,78.0,20.27
D,77.5,20.28
D,77.5,20.29
D,77.5,20.30
D,77.5,20.31
D,77.5,20.32
D,77.0,20.33
D,77.0,20.34
D,77.0,20.35
D,77.0,20.36
D,77.0,20.37
D,77.0,20.38
D,76.5,20.39
D,76.5,20.40
D,76.5,20.41
D,76.5,20.42
D,76.5,20.43
D,76.0,20.44
D,76.0,20.45
D,76.0,20.46
D,76.0,20.47
D,76.0,20.48
D,76.0,20.49
D,75.5,20.50
D,75.5,20.51
D,75.5,20.52
D,75.5,20.53
D,75.5,20.54
D,75.0,20.55
D,75.0,20.56
D,75.0,20.57
D,75.0,20.58
D,75.0,20.59
D,75.0,20.60
D,74.5,20.61
D,74.5,20.62
D,74.5,20.63
D,74.5,20.64
D,74.5,20.65
D,74.0,20.66
D,74.0,20.67
D,74.0,20.68
D,74.0,20.69
D,74.0,20.70
D,74.0,20.71
D,73.5,20.72
D,73.5,20.73
D,73.5,20.74
D,73.5,20.75
D,73.5,20.76
D,73.0,20.77
D,73.0,20.78
D,73.0,20.79
D,73.0,20.80
D,73.0,20.81
D,73.0,20.82
D,72.5,20.83
D,72.5,20.84
D,72.5,20.85
D,72.5,20.86
D,72.5,20.87
D,72.0,20.88
D,72.0,20.89
D,72.0,20.90
D,72.0,20.91
D,72.0,20.92
D,72.0,20.93
D,71.5,20.94
D,71.5,20.95
D,71.5,20.96
D,71.5,20.97
D,71.5,20.98
D,71.0,20.99
D,71.0,21.00
D,71.0,21.01
D,71.0,21.02
D,71.0,21.03
D,71.0,21.04
D,70.5,21.05
D,70.5,21.06
D,70.5,21.07
D,70.5,21.08
D,70.5,21.09
D,70.0,21.10
D,70.0,21.11
D,70.0,21.12
D,70.0,21.13
D,70.0,21.14
D,70.0,21.15
D,69.5,21.16
D,69.5,21.17
D,69.5,21.18
D,69.5,21.19
D,69.5,21.20
D,69.0,21.21
D,69.0,21.22
D,69.0,21.23
D,69.0,21.24
D,69.0,21.25
D,69.0,21.26
D,68.5,21.27
D,68.5,21.28
D,68.5,21.29
D,68.5,21.30
D,68.5,21.31
D,68.0,21.32
D,68.0,21.33
D,68.0,21.34
D,68.0,21.35
D,68.0,21.36
D,68.0,21.37
D,67.5,21.38
D,67.5,21.39
D,67.5,21.40
D,67.5,21.41
D,67.5,21.42
D,67.0,21.43
D,67.0,21.44
D,67.0,21.45
D,67.0,21.46
D,67.0,21.47
D,67.0,21.48
D,66.5,21.49
D,66.5,21.50
D,66.5,21.51
D,66.5,21.52
D,66.5,21.53
D,66.0,21.54
D,66.0,21.55
D,66.0,21.56
D,66.0,21.57
D,66.0,21.58
D,66.0,21.59
D,65.5,21.60
D,65.5,21.61
D,65.5,21.62
D,65.5,21.63
D,65.5,21.64
D,65.0,21.65
D,65.0,21.66
D,65.0,21.67
D,65.0,21.68
D,65.0,21.69
D,65.0,21.70
D,64.5,21.71
D,64.5,21.72
D,64.5,21.73
D,64.5,21.74
D,64.5,21.75
D,64.0,21.76
D,64.0,21.77
D,64.0,21.78
D,64.0,21.79
D,64.0,21.80
D,64.0,21.81
D,63.5,21.82
D,63.5,21.83
D,63.5,21.84
D,63.5,21.85
D,63.5,21.86
D,63.0,21.87
D,63.0,21.88
D,63.0,21.89
D,63.0,21.90
D,63.0,21.91
D,63.0,21.92
D,62.5,21.93
D,62.5,21.94
D,62.5,21.95
D,62.5,21.96
D,62.5,21.97
D,62.0,21.98
D,62.0,21.99
D,62.0,22.00
D,62.0,22.01
D,62.0,22.02
D,62.0,22.03
D,61.5,22.04
D,61.5,22.05
D,61.5,22.06
D,61.5,22.07
D,61.5,22.08
D,61.0,22.09
D,61.0,22.10
D,61.0,22.11
D,61.0,22.12
D,61.0,22.13
D,61.0,22.14
D,60.5,22.15
D,60.5,22.16
D,60.5,22.17
D,60.5,22.18
D,60.5,22.19
D,60.0,22.20
D,60.0,22.21
D,60.0,22.22
D,60.0,22.23
D,60.0,22.24
D,60.0,22.25
D,59.5,22.26
D,59.5,22.27
D,59.5,22.28
D,59.5,22.29
D,59.5,22.30
D,59.0,22.31
D,59.0,22.32
D,59.0,22.33
D,59.0,22.34
D,59.0,22.35
D,59.0,22.36
D,58.5,22.37
D,58.5,22.38
D,58.5,22.39
D,58.5,22.40
D,58.5,22.41
D,58.0,22.42
D,58.0,22.43
D,58.0,22.44
D,58.0,22.45
D,58.0,22.46
D,58.0,22.47
D,57.5,22.48
D,57.5,22.49
D,57.5,22.50
D,57.5,22.51
D,57.5,22.52
D,57.0,22.53
D,57.0,22.54
D,57.0,22.55
D,57.0,22.56
D,57.0,22.57
D,57.0,22.58
D,56.5,22.59
D,56.5,22.60
D,56.5,22.61
D,56.5,22.62
D,56.5,22.63
D,56.0,22.64
D,56.0,22.65
D,56.0,22.66
D,56.0,22.67
D,56.0,22.68
D,56.0,22.69
D,55.5,22.70
D,55.5,22.71
D,55.5,22.72
D,55.5,22.73
D,55.5,22.74
D,55.0,22.75
D,55.0,22.76
D,55.0,22.77
D,55.0,22.78
D,55.0,22.79
D,55.0,22.80
D,54.5,22.81
D,54.5,22.82
D,54.5,22.83
D,54.5,22.84
D,54.5,22.85
D,54.0,22.86
D,54.0,22.87
D,54.0,22.88
D,54.0,22.89
D,54.0,22.90
D,54.0,22.91
D,53.5,22.92
D,53.5,22.93
D,53.5,22.94
D,53.5,22.95
D,53.5,22.96
D,53.0,22.97
D,53.0,22.98
D,53.0,22.99
D,53.0,23.00
D,53.0,23.01
D,53.0,23.02
D,52.5,23.03
D,52.5,23.04
D,52.5,23.05
D,52.5,23.06
D,52.5,23.07
D,52.0,23.08
D,52.0,23.09
D,52.0,23.10
D,52.0,23.11
D,52.0,23.12
D,52.0,23.13
D,51.5,23.14
D,51.5,23.15
D,51.5,23.16
D,51.5,23.17
D,51.5,23.18
D,51.0,23.19
D,51.0,23.20
D,51.0,23.21
D,51.0,23.22
D,51.0,23.23
D,51.0,23.24
D,50.5,23.25
D,50.5,23.26
D,50.5,23.27
D,50.5,23.28
D,50.5,23.29
D,50.0,23.30
D,50.0,23.31
D,50.0,23.32
D,50.0,23.33
D,50.0,23.34
D,50.0,23.35
D,49.5,23.36
D,49.5,23.37
D,49.5,23.38
D,49.5,23.39
D,49.5,23.40
D,49.0,23.41
D,49.0,23.42
D,49.0,23.43
D,49.0,23.44
D,49.0,23.45
D,49.0,23.46
D,48.5,23.47
D,48.5,23.48
D,48.5,23.49
D,48.5,23.50
D,48.5,23.51
D,48.0,23.52
D,48.0,23.53
D,48.0,23.54
D,48.0,23.55
D,48.0,23.56
D,48.0,23.57
D,47.5,23.58
D,47.5,23.59
D,47.5,23.60
D,47.5,23.61
D,47.5,23.62
D,47.0,23.63
D,47.0,23.64
D,47.0,23.65
D,47.0,23.66
D,47.0,23.67
D,47.0,23.68
D,46.5,23.69
D,46.5,23.70
D,46.5,23.71
D,46.5,23.72
D,46.5,23.73
D,46.0,23.74
D,46.0,23.75
D,46.0,23.76
D,46.0,23.77
D,46.0,23.78
D,46.0,23.79
D,45.5,23.80
D,45.5,23.81
D,45.5,23.82
D,45.5,23.83
D,45.5,23.84
D,45.0,23.85
D,45.0,23.86
D,45.0,23.87
D,45.0,23.88
D,45.0,23.89
D,45.0,23.90
D,44.5,23.91
D,44.5,23.92
D,44.5,23.93
D,44.5,23.94
D,44.5,23.95
D,44.0,23.96
D,44.0,23.97
D,44.0,23.98
D,44.0,23.99
D,44.0,24.00
D,44.0,24.01
D,43.5,24.02
D,43.5,24.03
D,43.5,24.04
D,43.5,24.05
D,43.5,24.06
D,43.0,24.07
D,43.0,24.08
D,43.0,24.09
D,43.0,24.10
D,43.0,24.11
D,43.0,24.12
D,42.5,24.13
D,42.5,24.14
D,42.5,24.15
D,42.5,24.16
D,42.5,24.17
D,42.0,24.18
D,42.0,24.19
D,42.0,24.20
D,42.0,24.21
D,42.0,24.22
D,42.0,24.23
D,41.5,24.24
D,41.5,24.25
D,41.5,24.26
D,41.5,24.27
D,41.5,24.28
D,41.0,24.29
D,41.0,24.30
D,41.0,24.31
D,41.0,24.32
D,41.0,24.33
D,41.0,24.34
D,40.5,24.35
D,40.5,24.36
D,40.5,24.37
D,40.5,24.38
D,40.5,24.39
D,40.0,24.40
D,40.0,24.41
D,40.0,24.42
D,40.0,24.43
D,40.0,24.44
D,40.0,24.45
D,39.5,24.46
D,39.5,24.47
D,39.5,24.48
D,39.5,24.49
D,39.5,24.50
D,39.0,24.51
D,39.0,24.52
D,39.0,24.53
D,39.0,24.54
D,39.0,24.55
D,39.0,24.56
D,38.5,24.57
D,38.5,24.58
D,38.5,24.59
D,38.5,24.60
D,38.5,24.61
D,38.0,24.62
D,38.0,24.63
D,38.0,24.64
D,38.0,24.65
D,38.0,24.66
D,38.0,24.67
D,37.5,24.68
D,37.5,24.69
D,37.5,24.70
D,37.5,24.71
D,37.5,24.72
D,37.0,24.73
D,37.0,24.74
D,37.0,24.75
D,37.0,24.76
D,37.0,24.77
D,37.0,24.78
D,36.5,24.79
D,36.5,24.80
D,36.5,24.81
D,36.5,24.82
D,36.5,24.83
D,36.0,24.84
D,36.0,24.85
D,36.0,24.86
D,36.0,24.87
D,36.0,24.88
D,36.0,24.89
D,35.5,24.90
E,100.0,18.90
E,100.0,18.91
E,100.0,18.92
E,100.0,18.93
E,100.0,18.94
E,99.5,18.95
E,99.5,18.96
E,99.5,18.97
E,99.5,18.98
E,99.5,18.99
E,99.5,19.00
E,99.0,19.01
E,99.0,19.02
E,99.0,19.03
E,99.0,19.04
E,99.0,19.05
E,98.5,19.06
E,98.5,19.07
E,98.5,19.08
E,98.5,19.09
E,98.5,19.10
E,98.5,19.11
E,98.0,19.12
E,98.0,19.13
E,98.0,19.14
E,98.0,19.15
E,98.0,19.16
E,97.5,19.17
E,97.5,19.18
E,97.5,19.19
E,97.5,19.20
E,97.5,19.21
E,97.5,19.22
E,97.0,19.23
E,97.0,19.24
E,97.0,19.25
E,97.0,19.26
E,97.0,19.27
E,96.5,19.28
E,96.5,19.29
E,96.5,19.30
E,96.5,19.31
E,96.5,19.32
E,96.5,19.33
E,96.0,19.34
E,96.0,19.35
E,96.0,19.36
E,96.0,19.37
E,96.0,19.38
E,95.5,19.39
E,95.5,19.40
E,95.5,19.41
E,95.5,19.42
E,95.5,19.43
E,95.5,19.44
E,95.0,19.45
E,95.0,19.46
E,95.0,19.47
E,95.0,19.48
E,95.0,19.49
E,94.5,19.50
E,94.5,19.51
E,94.5,19.52
E,94.5,19.53
E,94.5,19.54
E,94.5,19.55
E,94.0,19.56
E,94.0,19.57
E,94.0,19.58
E,94.0,19.59
E,94.0,19.60
E,93.5,19.61
E,93.5,19.62
E,93.5,19.63
E,93.5,19.64
E,93.5,19.65
E,93.5,19.66
E,93.0,19.67
E,93.0,19.68
E,93.0,19.69
E,93.0,19.70
E,93.0,19.71
E,92.5,19.72
E,92.5,19.73
E,92.5,19.74
E,92.5,19.75
E,92.5,19.76
E,92.5,19.77
E,92.0,19.78
E,92.0,19.79
E,92.0,19.80
E,92.0,19.81
E,92.0,19.82
E,91.5,19.83
E,91.5,19.84
E,91.5,19.85
E,91.5,19.86
E,91.5,19.87
E,91.5,19.88
E,91.0,19.89
E,91.0,19.90
E,91.0,19.91
E,91.0,19.92
E,91.0,19.93
E,90.5,19.94
E,90.5,19.95
E,90.5,19.96
E,90.5,19.97
E,90.5,19.98
E,90.5,19.99
E,90.0,20.00
E,90.0,20.01
E,90.0,20.02
E,90.0,20.03
E,90.0,20.04
E,89.5,20.05
E,89.5,20.06
E,89.5,20.07
E,89.5,20.08
E,89.5,20.09
E,89.5,20.10
E,89.0,20.11
E,89.0,20.12
E,89.0,20.13
E,89.0,20.14
E,89.0,20.15
E,88.5,20.16
E,88.5,20.17
E,88.5,20.18
E,88.5,20.19
E,88.5,20.20
E,88.5,20.21
E,88.0,20.22
E,88.0,20.23
E,88.0,20.24
E,88.0,20.25
E,88.0,20.26
E,87.5,20.27
E,87.5,20.28
E,87.5,20.29
E,87.5,20.30
E,87.5,20.31
E,87.5,20.32
E,87.0,20.33
E,87.0,20.34
E,87.0,20.35
E,87.0,20.36
E,87.0,20.37
E,86.5,20.38
E,86.5,20.39
E,86.5,20.40
E,86.5,20.41
E,86.5,20.42
E,86.5,20.43
E,86.0,20.44
E,86.0,20.45
E,86.0,20.46
E,86.0,20.47
E,86.0,20.48
E,85.5,20.49
E,85.5,20.50
E,85.5,20.51
E,85.5,20.52
E,85.5,20.53
E,85.5,20.54
E,85.0,20.55
E,85.0,20.56
E,85.0,20.57
E,85.0,20.58
E,85.0,20.59
E,85.0,20.60
E,84.5,20.61
E,84.5,20.62
E,84.5,20.63
E,84.5,20.64
E,84.5,20.65
E,84.0,20.66
E,84.0,20.67
E,84.0,20.68
E,84.0,20.69
E,84.0,20.70
E,84.0,20.71
E,83.5,20.72
E,83.5,20.73
E,83.5,20.74
E,83.5,20.75
E,83.5,20.76
E,83.0,20.77
E,83.0,20.78
E,83.0,20.79
E,83.0,20.80
E,83.0,20.81
E,83.0,20.82
E,82.5,20.83
E,82.5,20.84
E,82.5,20.85
E,82.5,20.86
E,82.5,20.87
E,82.0,20.88
E,82.0,20.89
E,82.0,20.90
E,82.0,20.91
E,82.0,20.92
E,82.0,20.93
E,81.5,20.94
E,81.5,20.95
E,81.5,20.96
E,81.5,20.97
E,81.5,20.98
E,81.0,20.99
E,81.0,21.00
E,81.0,21.01
E,81.0,21.02
E,81.0,21.03
E,81.0,21.04
E,80.5,21.05
E,80.5,21.06
E,80.5,21.07
E,80.5,21.08
E,80.5,21.09
E,80.0,21.10
E,80.0,21.11
E,80.0,21.12
E,80.0,21.13
E,80.0,21.14
E,80.0,21.15
E,79.5,21.16
E,79.5,21.17
E,79.5,21.18
E,79.5,21.19
E,79.5,21.20
E,79.0,21.21
E,79.0,21.22
E,79.0,21.23
E,79.0,21.24
E,79.0,21.25
E,79.0,21.26
E,78.5,21.27
E,78.5,21.28
E,78.5,21.29
E,78.5,21.30
E,78.5,21.31
E,78.0,21.32
E,78.0,21.33
E,78.0,21.34
E,78.0,21.35
E,78.0,21.36
E,78.0,21.37
E,77.5,21.38
E,77.5,21.39
E,77.5,21.40
E,77.5,21.41
E,77.5,21.42
E,77.0,21.43
E,77.0,21.44
E,77.0,21.45
E,77.0,21.46
E,77.0,21.47
E,77.0,21.48
E,76.5,21.49
E,76.5,21.50
E,76.5,21.51
E,76.5,21.52
E,76.5,21.53
E,76.0,21.54
E,76.0,21.55
E,76.0,21.56
E,76.0,21.57
E,76.0,21.58
E,76.0,21.59
E,75.5,21.60
E,75.5,21.61
E,75.5,21.62
E,75.5,21.63
E,75.5,21.64
E,75.0,21.65
E,75.0,21.66
E,75.0,21.67
E,75.0,21.68
E,75.0,21.69
E,75.0,21.70
E,74.5,21.71
E,74.5,21.72
E,74.5,21.73
E,74.5,21.74
E,74.5,21.75
E,74.0,21.76
E,74.0,21.77
E,74.0,21.78
E,74.0,21.79
E,74.0,21.80
E,74.0,21.81
E,73.5,21.82
E,73.5,21.83
E,73.5,21.84
E,73.5,21.85
E,73.5,21.86
E,73.0,21.87
E,73.0,21.88
E,73.0,21.89
E,73.0,21.90
E,73.0,21.91
E,73.0,21.92
E,72.5,21.93
E,72.5,21.94
E,72.5,21.95
E,72.5,21.96
E,72.5,21.97
E,72.0,21.98
E,72.0,21.99
E,72.0,22.00
E,72.0,22.01
E,72.0,22.02
E,72.0,22.03
E,71.5,22.04
E,71.5,22.05
E,71.5,22.06
E,71.5,22.07
E,71.5,22.08
E,71.0,22.09
E,71.0,22.10
E,71.0,22.11
E,71.0,22.12
E,71.0,22.13
E,71.0,22.14
E,70.5,22.15
E,70.5,22.16
E,70.5,22.17
E,70.5,22.18
E,70.5,22.19
E,70.0,22.20
E,70.0,22.21
E,70.0,22.22
E,70.0,22.23
E,70.0,22.24
E,70.0,22.25
E,69.5,22.26
E,69.5,22.27
E,69.5,22.28
E,69.5,22.29
E,69.5,22.30
E,69.0,22.31
E,69.0,22.32
E,69.0,22.33
E,69.0,22.34
E,69.0,22.35
E,69.0,22.36
E,68.5,22.37
E,68.5,22.38
E,68.5,22.39
E,68.5,22.40
E,68.5,22.41
E,68.0,22.42
E,68.0,22.43
E,68.0,22.44
E,68.0,22.45
E,68.0,22.46
E,68.0,22.47
E,67.5,22.48
E,67.5,22.49
E,67.5,22.50
E,67.5,22.51
E,67.5,22.52
E,67.0,22.53
E,67.0,22.54
E,67.0,22.55
E,67.0,22.56
E,67.0,22.57
E,67.0,22.58
E,66.5,22.59
E,66.5,22.60
E,66.5,22.61
E,66.5,22.62
E,66.5,22.63
E,66.0,22.64
E,66.0,22.65
E,66.0,22.66
E,66.0,22.67
E,66.0,22.68
E,66.0,22.69
E,65.5,22.70
E,65.5,22.71
E,65.5,22.72
E,65.5,22.73
E,65.5,22.74
E,65.0,22.75
E,65.0,22.76
E,65.0,22.77
E,65.0,22.78
E,65.0,22.79
E,65.0,22.80
E,64.5,22.81
E,64.5,22.82
E,64.5,22.83
E,64.5,22.84
E,64.5,22.85
E,64.0,22.86
E,64.0,22.87
E,64.0,22.88
E,64.0,22.89
E,64.0,22.90
E,64.0,22.91
E,63.5,22.92
E,63.5,22.93
E,63.5,22.94
E,63.5,22.95
E,63.5,22.96
E,63.0,22.97
E,63.0,22.98
E,63.0,22.99
E,63.0,23.00
E,63.0,23.01
E,63.0,23.02
E,62.5,23.03
E,62.5,23.04
E,62.5,23.05
E,62.5,23.06
E,62.5,23.07
E,62.0,23.08
E,62.0,23.09
E,62.0,23.10
E,62.0,23.11
E,62.0,23.12
E,62.0,23.13
E,61.5,23.14
E,61.5,23.15
E,61.5,23.16
E,61.5,23.17
E,61.5,23.18
E,61.0,23.19
E,61.0,23.20
E,61.0,23.21
E,61.0,23.22
E,61.0,23.23
E,61.0,23.24
E,60.5,23.25
E,60.5,23.26
E,60.5,23.27
E,60.5,23.28
E,60.5,23.29
E,60.0,23.30
E,60.0,23.31
E,60.0,23.32
E,60.0,23.33
E,60.0,23.34
E,60.0,23.35
E,59.5,23.36
E,59.5,23.37
E,59.5,23.38
E,59.5,23.39
E,59.5,23.40
E,59.0,23.41
E,59.0,23.42
E,59.0,23.43
E,59.0,23.44
E,59.0,23.45
E,59.0,23.46
E,58.5,23.47
E,58.5,23.48
E,58.5,23.49
E,58.5,23.50
E,58.5,23.51
E,58.0,23.52
E,58.0,23.53
E,58.0,23.54
E,58.0,23.55
E,58.0,23.56
E,58.0,23.57
E,57.5,23.58
E,57.5,23.59
E,57.5,23.60
E,57.5,23.61
E,57.5,23.62
E,57.0,23.63
E,57.0,23.64
E,57.0,23.65
E,57.0,23.66
E,57.0,23.67
E,57.0,23.68
E,56.5,23.69
E,56.5,23.70
E,56.5,23.71
E,56.5,23.72
E,56.5,23.73
E,56.0,23.74
E,56.0,23.75
E,56.0,23.76
E,56.0,23.77
E,56.0,23.78
E,56.0,23.79
E,55.5,23.80
E,55.5,23.81
E,55.5,23.82
E,55.5,23.83
E,55.5,23.84
E,55.0,23.85
E,55.0,23.86
E,55.0,23.87
E,55.0,23.88
E,55.0,23.89
E,55.0,23.90
E,54.5,23.91
E,54.5,23.92
E,54.5,23.93
E,54.5,23.94
E,54.5,23.95
E,54.0,23.96
E,54.0,23.97
E,54.0,23.98
E,54.0,23.99
E,54.0,24.00
E,54.0,24.01
E,53.5,24.02
E,53.5,24.03
E,53.5,24.04
E,53.5,24.05
E,53.5,24.06
E,53.0,24.07
E,53.0,24.08
E,53.0,24.09
E,53.0,24.10
E,53.0,24.11
E,53.0,24.12
E,52.5,24.13
E,52.5,24.14
E,52.5,24.15
E,52.5,24.16
E,52.5,24.17
E,52.0,24.18
E,52.0,24.19
E,52.0,24.20
E,52.0,24.21
E,52.0,24.22
E,52.0,24.23
E,51.5,24.24
E,51.5,24.25
E,51.5,24.26
E,51.5,24.27
E,51.5,24.28
E,51.0,24.29
E,51.0,24.30
E,51.0,24.31
E,51.0,24.32
E,51.0,24.33
E,51.0,24.34
E,50.5,24.35
E,50.5,24.36
E,50.5,24.37
E,50.5,24.38
E,50.5,24.39
E,50.0,24.40
E,50.0,24.41
E,50.0,24.42
E,50.0,24.43
E,50.0,24.44
E,50.0,24.45
E,49.5,24.46
E,49.5,24.47
E,49.5,24.48
E,49.5,24.49
E,49.5,24.50
E,49.0,24.51
E,49.0,24.52
E,49.0,24.53
E,49.0,24.54
E,49.0,24.55
E,49.0,24.56
E,48.5,24.57
E,48.5,24.58
E,48.5,24.59
E,48.5,24.60
E,48.5,24.61
E,48.0,24.62
E,48.0,24.63
E,48.0,24.64
E,48.0,24.65
E,48.0,24.66
E,48.0,24.67
E,47.5,24.68
E,47.5,24.69
E,47.5,24.70
E,47.5,24.71
E,47.5,24.72
E,47.0,24.73
E,47.0,24.74
E,47.0,24.75
E,47.0,24.76
E,47.0,24.77
E,47.0,24.78
E,46.5,24.79
E,46.5,24.80
E,46.5,24.81
E,46.5,24.82
E,46.5,24.83
E,46.0,24.84
E,46.0,24.85
E,46.0,24.86
E,46.0,24.87
E,46.0,24.88
E,46.0,24.89
E,45.5,24.90
E,45.5,24.91
E,45.5,24.92
E,45.5,24.93
E,45.5,24.94
E,45.0,24.95
E,45.0,24.96
E,45.0,24.97
E,45.0,24.98
E,45.0,24.99
E,45.0,25.00
E,44.5,25.01
E,44.5,25.02
E,44.5,25.03
E,44.5,25.04
E,44.5,25.05
E,44.0,25.06
E,44.0,25.07
E,44.0,25.08
E,44.0,25.09
E,44.0,25.10
E,44.0,25.11
E,43.5,25.12
E,43.5,25.13
E,43.5,25.14
E,43.5,25.15
E,43.5,25.16
E,43.0,25.17
E,43.0,25.18
E,43.0,25.19
E,43.0,25.20
E,43.0,25.21
E,43.0,25.22
E,42.5,25.23
E,42.5,25.24
E,42.5,25.25
E,42.5,25.26
E,42.5,25.27
E,42.0,25.28
E,42.0,25.29
E,42.0,25.30
E,42.0,25.31
E,42.0,25.32
E,42.0,25.33
E,41.5,25.34
E,41.5,25.35
E,41.5,25.36
E,41.5,25.37
E,41.5,25.38
E,41.0,25.39
E,41.0,25.40
E,41.0,25.41
E,41.0,25.42
E,41.0,25.43
E,41.0,25.44
E,40.5,25.45
E,40.5,25.46
E,40.5,25.47
E,40.5,25.48
E,40.5,25.49
E,40.0,25.50
E,40.0,25.51
E,40.0,25.52
E,40.0,25.53
E,40.0,25.54
E,40.0,25.55
E,39.5,25.56
E,39.5,25.57
E,39.5,25.58
E,39.5,25.59
E,39.5,25.60
E,39.0,25.61
E,39.0,25.62
E,39.0,25.63
E,39.0,25.64
E,39.0,25.65
E,39.0,25.66
E,38.5,25.67
E,38.5,25.68
E,38.5,25.69
E,38.5,25.70
E,38.5,25.71
E,38.0,25.72
E,38.0,25.73
E,38.0,25.74
E,38.0,25.75
E,38.0,25.76
E,38.0,25.77
E,37.5,25.78
E,37.5,25.79
E,37.5,25.80
E,37.5,25.81
E,37.5,25.82
E,37.0,25.83
E,37.0,25.84
E,37.0,25.85
E,37.0,25.86
E,37.0,25.87
E,37.0,25.88
E,36.5,25.89
E,36.5,25.90
E,36.5,25.91
E,36.5,25.92
E,36.5,25.93
E,36.0,25.94
E,36.0,25.95
E,36.0,25.96
E,36.0,25.97
E,36.0,25.98
E,36.0,25.99
E,35.5,26.00
F,100.0,20.55
F,100.0,20.56
F,100.0,20.57
F,100.0,20.58
F,100.0,20.59
F,99.5,20.60
F,99.5,20.61
F,99.5,20.62
F,99.5,20.63
F,99.5,20.64
F,99.5,20.65
F,99.0,20.66
F,99.0,20.67
F,99.0,20.68
F,99.0,20.69
F,99.0,20.70
F,98.5,20.71
F,98.5,20.72
F,98.5,20.73
F,98.5,20.74
F,98.5,20.75
F,98.5,20.76
F,98.0,20.77
F,98.0,20.78
F,98.0,20.79
F,98.0,20.80
F,98.0,20.81
F,97.5,20.82
F,97.5,20.83
F,97.5,20.84
F,97.5,20.85
F,97.5,20.86
F,97.5,20.87
F,97.0,20.88
F,97.0,20.89
F,97.0,20.90
F,97.0,20.91
F,97.0,20.92
F,96.5,20.93
F,96.5,20.94
F,96.5,20.95
F,96.5,20.96
F,96.5,20.97
F,96.5,20.98
F,96.0,20.99
F,96.0,21.00
F,96.0,21.01
F,96.0,21.02
F,96.0,21.03
F,95.5,21.04
F,95.5,21.05
F,95.5,21.06
F,95.5,21.07
F,95.5,21.08
F,95.5,21.09
F,95.0,21.10
F,95.0,21.11
F,95.0,21.12
F,95.0,21.13
F,95.0,21.14
F,94.5,21.15
F,94.5,21.16
F,94.5,21.17
F,94.5,21.18
F,94.5,21.19
F,94.5,21.20
F,94.0,21.21
F,94.0,21.22
F,94.0,21.23
F,94.0,21.24
F,94.0,21.25
F,93.5,21.26
F,93.5,21.27
F,93.5,21.28
F,93.5,21.29
F,93.5,21.30
F,93.5,21.31
F,93.0,21.32
F,93.0,21.33
F,93.0,21.34
F,93.0,21.35
F,93.0,21.36
F,92.5,21.37
F,92.5,21.38
F,92.5,21.39
F,92.5,21.40
F,92.5,21.41
F,92.5,21.42
F,92.0,21.43
F,92.0,21.44
F,92.0,21.45
F,92.0,21.46
F,92.0,21.47
F,91.5,21.48
F,91.5,21.49
F,91.5,21.50
F,91.5,21.51
F,91.5,21.52
F,91.5,21.53
F,91.0,21.54
F,91.0,21.55
F,91.0,21.56
F,91.0,21.57
F,91.0,21.58
F,90.5,21.59
F,90.5,21.60
F,90.5,21.61
F,90.5,21.62
F,90.5,21.63
F,90.5,21.64
F,90.0,21.65
F,90.0,21.66
F,90.0,21.67
F,90.0,21.68
F,90.0,21.69
F,89.5,21.70
F,89.5,21.71
F,89.5,21.72
F,89.5,21.73
F,89.5,21.74
F,89.5,21.75
F,89.0,21.76
F,89.0,21.77
F,89.0,21.78
F,89.0,21.79
F,89.0,21.80
F,88.5,21.81
F,88.5,21.82
F,88.5,21.83
F,88.5,21.84
F,88.5,21.85
F,88.5,21.86
F,88.0,21.87
F,88.0,21.88
F,88.0,21.89
F,88.0,21.90
F,88.0,21.91
F,87.5,21.92
F,87.5,21.93
F,87.5,21.94
F,87.5,21.95
F,87.5,21.96
F,87.5,21.97
F,87.0,21.98
F,87.0,21.99
F,87.0,22.00
F,87.0,22.01
F,87.0,22.02
F,86.5,22.03
F,86.5,22.04
F,86.5,22.05
F,86.5,22.06
F,86.5,22.07
F,86.5,22.08
F,86.0,22.09
F,86.0,22.10
F,86.0,22.11
F,86.0,22.12
F,86.0,22.13
F,85.5,22.14
F,85.5,22.15
F,85.5,22.16
F,85.5,22.17
F,85.5,22.18
F,85.5,22.19
F,85.0,22.20
F,85.0,22.21
F,85.0,22.22
F,85.0,22.23
F,85.0,22.24
F,85.0,22.25
F,84.5,22.26
F,84.5,22.27
F,84.5,22.28
F,84.5,22.29
F,84.5,22.30
F,84.0,22.31
F,84.0,22.32
F,84.0,22.33
F,84.0,22.34
F,84.0,22.35
F,84.0,22.36
F,83.5,22.37
F,83.5,22.38
F,83.5,22.39
F,83.5,22.40
F,83.5,22.41
F,83.0,22.42
F,83.0,22.43
F,83.0,22.44
F,83.0,22.45
F,83.0,22.46
F,83.0,22.47
F,82.5,22.48
F,82.5,22.49
F,82.5,22.50
F,82.5,22.51
F,82.5,22.52
F,82.0,22.53
F,82.0,22.54
F,82.0,22.55
F,82.0,22.56
F,82.0,22.57
F,82.0,22.58
F,81.5,22.59
F,81.5,22.60
F,81.5,22.61
F,81.5,22.62
F,81.5,22.63
F,81.0,22.64
F,81.0,22.65
F,81.0,22.66
F,81.0,22.67
F,81.0,22.68
F,81.0,22.69
F,80.5,22.70
F,80.5,22.71
F,80.5,22.72
F,80.5,22.73
F,80.5,22.74
F,80.0,22.75
F,80.0,22.76
F,80.0,22.77
F,80.0,22.78
F,80.0,22.79
F,80.0,22.80
F,79.5,22.81
F,79.5,22.82
F,79.5,22.83
F,79.5,22.84
F,79.5,22.85
F,79.0,22.86
F,79.0,22.87
F,79.0,22.88
F,79.0,22.89
F,79.0,22.90
F,79.0,22.91
F,78.5,22.92
F,78.5,22.93
F,78.5,22.94
F,78.5,22.95
F,78.5,22.96
F,78.0,22.97
F,78.0,22.98
F,78.0,22.99
F,78.0,23.00
F,78.0,23.01
F,78.0,23.02
F,77.5,23.03
F,77.5,23.04
F,77.5,23.05
F,77.5,23.06
F,77.5,23.07
F,77.0,23.08
F,77.0,23.09
F,77.0,23.10
F,77.0,23.11
F,77.0,23.12
F,77.0,23.13
F,76.5,23.14
F,76.5,23.15
F,76.5,23.16
F,76.5,23.17
F,76.5,23.18
F,76.0,23.19
F,76.0,23.20
F,76.0,23.21
F,76.0,23.22
F,76.0,23.23
F,76.0,23.24
F,75.5,23.25
F,75.5,23.26
F,75.5,23.27
F,75.5,23.28
F,75.5,23.29
F,75.0,23.30
F,75.0,23.31
F,75.0,23.32
F,75.0,23.33
F,75.0,23.34
F,75.0,23.35
F,74.5,23.36
F,74.5,23.37
F,74.5,23.38
F,74.5,23.39
F,74.5,23.40
F,74.0,23.41
F,74.0,23.42
F,74.0,23.43
F,74.0,23.44
F,74.0,23.45
F,74.0,23.46
F,73.5,23.47
F,73.5,23.48
F,73.5,23.49
F,73.5,23.50
F,73.5,23.51
F,73.0,23.52
F,73.0,23.53
F,73.0,23.54
F,73.0,23.55
F,73.0,23.56
F,73.0,23.57
F,72.5,23.58
F,72.5,23.59
F,72.5,23.60
F,72.5,23.61
F,72.5,23.62
F,72.0,23.63
F,72.0,23.64
F,72.0,23.65
F,72.0,23.66
F,72.0,23.67
F,72.0,23.68
F,71.5,23.69
F,71.5,23.70
F,71.5,23.71
F,71.5,23.72
F,71.5,23.73
F,71.0,23.74
F,71.0,23.75
F,71.0,23.76
F,71.0,23.77
F,71.0,23.78
F,71.0,23.79
F,70.5,23.80
F,70.5,23.81
F,70.5,23.82
F,70.5,23.83
F,70.5,23.84
F,70.0,23.85
F,70.0,23.86
F,70.0,23.87
F,70.0,23.88
F,70.0,23.89
F,70.0,23.90
F,69.5,23.91
F,69.5,23.92
F,69.5,23.93
F,69.5,23.94
F,69.5,23.95
F,69.0,23.96
F,69.0,23.97
F,69.0,23.98
F,69.0,23.99
F,69.0,24.00
F,69.0,24.01
F,68.5,24.02
F,68.5,24.03
F,68.5,24.04
F,68.5,24.05
F,68.5,24.06
F,68.0,24.07
F,68.0,24.08
F,68.0,24.09
F,68.0,24.10
F,68.0,24.11
F,68.0,24.12
F,67.5,24.13
F,67.5,24.14
F,67.5,24.15
F,67.5,24.16
F,67.5,24.17
F,67.0,24.18
F,67.0,24.19
F,67.0,24.20
F,67.0,24.21
F,67.0,24.22
F,67.0,24.23
F,66.5,24.24
F,66.5,24.25
F,66.5,24.26
F,66.5,24.27
F,66.5,24.28
F,66.0,24.29
F,66.0,24.30
F,66.0,24.31
F,66.0,24.32
F,66.0,24.33
F,66.0,24.34
F,65.5,24.35
F,65.5,24.36
F,65.5,24.37
F,65.5,24.38
F,65.5,24.39
F,65.0,24.40
F,65.0,24.41
F,65.0,24.42
F,65.0,24.43
F,65.0,24.44
F,65.0,24.45
F,64.5,24.46
F,64.5,24.47
F,64.5,24.48
F,64.5,24.49
F,64.5,24.50
F,64.0,24.51
F,64.0,24.52
F,64.0,24.53
F,64.0,24.54
F,64.0,24.55
F,64.0,24.56
F,63.5,24.57
F,63.5,24.58
F,63.5,24.59
F,63.5,24.60
F,63.5,24.61
F,63.0,24.62
F,63.0,24.63
F,63.0,24.64
F,63.0,24.65
F,63.0,24.66
F,63.0,24.67
F,62.5,24.68
F,62.5,24.69
F,62.5,24.70
F,62.5,24.71
F,62.5,24.72
F,62.0,24.73
F,62.0,24.74
F,62.0,24.75
F,62.0,24.76
F,62.0,24.77
F,62.0,24.78
F,61.5,24.79
F,61.5,24.80
F,61.5,24.81
F,61.5,24.82
F,61.5,24.83
F,61.0,24.84
F,61.0,24.85
F,61.0,24.86
F,61.0,24.87
F,61.0,24.88
F,61.0,24.89
F,60.5,24.90
F,60.5,24.91
F,60.5,24.92
F,60.5,24.93
F,60.5,24.94
F,60.0,24.95
F,60.0,24.96
F,60.0,24.97
F,60.0,24.98
F,60.0,24.99
F,60.0,25.00
F,59.5,25.01
F,59.5,25.02
F,59.5,25.03
F,59.5,25.04
F,59.5,25.05
F,59.0,25.06
F,59.0,25.07
F,59.0,25.08
F,59.0,25.09
F,59.0,25.10
F,59.0,25.11
F,58.5,25.12
F,58.5,25.13
F,58.5,25.14
F,58.5,25.15
F,58.5,25.16
F,58.0,25.17
F,58.0,25.18
F,58.0,25.19
F,58.0,25.20
F,58.0,25.21
F,58.0,25.22
F,57.5,25.23
F,57.5,25.24
F,57.5,25.25
F,57.5,25.26
F,57.5,25.27
F,57.0,25.28
F,57.0,25.29
F,57.0,25.30
F,57.0,25.31
F,57.0,25.32
F,57.0,25.33
F,56.5,25.34
F,56.5,25.35
F,56.5,25.36
F,56.5,25.37
F,56.5,25.38
F,56.0,25.39
F,56.0,25.40
F,56.0,25.41
F,56.0,25.42
F,56.0,25.43
F,56.0,25.44
F,55.5,25.45
F,55.5,25.46
F,55.5,25.47
F,55.5,25.48
F,55.5,25.49
F,55.0,25.50
F,55.0,25.51
F,55.0,25.52
F,55.0,25.53
F,55.0,25.54
F,55.0,25.55
F,54.5,25.56
F,54.5,25.57
F,54.5,25.58
F,54.5,25.59
F,54.5,25.60
F,54.0,25.61
F,54.0,25.62
F,54.0,25.63
F,54.0,25.64
F,54.0,25.65
F,54.0,25.66
F,53.5,25.67
F,53.5,25.68
F,53.5,25.69
F,53.5,25.70
F,53.5,25.71
F,53.0,25.72
F,53.0,25.73
F,53.0,25.74
F,53.0,25.75
F,53.0,25.76
F,53.0,25.77
F,52.5,25.78
F,52.5,25.79
F,52.5,25.80
F,52.5,25.81
F,52.5,25.82
F,52.0,25.83
F,52.0,25.84
F,52.0,25.85
F,52.0,25.86
F,52.0,25.87
F,52.0,25.88
F,51.5,25.89
F,51.5,25.90
F,51.5,25.91
F,51.5,25.92
F,51.5,25.93
F,51.0,25.94
F,51.0,25.95
F,51.0,25.96
F,51.0,25.97
F,51.0,25.98
F,51.0,25.99
F,50.5,26.00
F,50.5,26.01
F,50.5,26.02
F,50.5,26.03
F,50.5,26.04
F,50.0,26.05
F,50.0,26.06
F,50.0,26.07
F,50.0,26.08
F,50.0,26.09
F,50.0,26.10
F,49.5,26.11
F,49.5,26.12
F,49.5,26.13
F,49.5,26.14
F,49.5,26.15
F,49.0,26.16
F,49.0,26.17
F,49.0,26.18
F,49.0,26.19
F,49.0,26.20
F,49.0,26.21
F,48.5,26.22
F,48.5,26.23
F,48.5,26.24
F,48.5,26.25
F,48.5,26.26
F,48.0,26.27
F,48.0,26.28
F,48.0,26.29
F,48.0,26.30
F,48.0,26.31
F,48.0,26.32
F,47.5,26.33
F,47.5,26.34
F,47.5,26.35
F,47.5,26.36
F,47.5,26.37
F,47.0,26.38
F,47.0,26.39
F,47.0,26.40
F,47.0,26.41
F,47.0,26.42
F,47.0,26.43
F,46.5,26.44
F,46.5,26.45
F,46.5,26.46
F,46.5,26.47
F,46.5,26.48
F,46.0,26.49
F,46.0,26.50
F,46.0,26.51
F,46.0,26.52
F,46.0,26.53
F,46.0,26.54
F,45.5,26.55
F,45.5,26.56
F,45.5,26.57
F,45.5,26.58
F,45.5,26.59
F,45.0,26.60
F,45.0,26.61
F,45.0,26.62
F,45.0,26.63
F,45.0,26.64
F,45.0,26.65
F,44.5,26.66
F,44.5,26.67
F,44.5,26.68
F,44.5,26.69
F,44.5,26.70
F,44.0,26.71
F,44.0,26.72
F,44.0,26.73
F,44.0,26.74
F,44.0,26.75
F,44.0,26.76
F,43.5,26.77
F,43.5,26.78
F,43.5,26.79
F,43.5,26.80
F,43.5,26.81
F,43.0,26.82
F,43.0,26.83
F,43.0,26.84
F,43.0,26.85
F,43.0,26.86
F,43.0,26.87
F,42.5,26.88
F,42.5,26.89
F,42.5,26.90
F,42.5,26.91
F,42.5,26.92
F,42.0,26.93
F,42.0,26.94
F,42.0,26.95
F,42.0,26.96
F,42.0,26.97
F,42.0,26.98
F,41.5,26.99
F,41.5,27.00
F,41.5,27.01
F,41.5,27.02
F,41.5,27.03
F,41.0,27.04
F,41.0,27.05
F,41.0,27.06
F,41.0,27.07
F,41.0,27.08
F,41.0,27.09
F,40.5,27.10
F,40.5,27.11
F,40.5,27.12
F,40.5,27.13
F,40.5,27.14
F,40.0,27.15
F,40.0,27.16
F,40.0,27.17
F,40.0,27.18
F,40.0,27.19
F,40.0,27.20
F,39.5,27.21
F,39.5,27.22
F,39.5,27.23
F,39.5,27.24
F,39.5,27.25
F,39.0,27.26
F,39.0,27.27
F,39.0,27.28
F,39.0,27.29
F,39.0,27.30
F,39.0,27.31
F,38.5,27.32
F,38.5,27.33
F,38.5,27.34
F,38.5,27.35
F,38.5,27.36
F,38.0,27.37
F,38.0,27.38
F,38.0,27.39
F,38.0,27.40
F,38.0,27.41
F,38.0,27.42
F,37.5,27.43
F,37.5,27.44
F,37.5,27.45
F,37.5,27.46
F,37.5,27.47
F,37.0,27.48
F,37.0,27.49
F,37.0,27.50
F,37.0,27.51
F,37.0,27.52
F,37.0,27.53
F,36.5,27.54
F,36.5,27.55
F,36.5,27.56
F,36.5,27.57
F,36.5,27.58
F,36.0,27.59
F,36.0,27.60
F,36.0,27.61
F,36.0,27.62
F,36.0,27.63
F,36.0,27.64
F,35.5,27.65
